	label	cluster	numCommits	binFiles	imgFilePct	textFiles	textLines	cLinePct	c-plus-plusLinePct	configurationLinePct	dataLinePct	datascienceLinePct	goLinePct	interfaceLinePct	javascriptLinePct	jsonLinePct	latexLinePct	lockLinePct	localizationLinePct	markdownLinePct	sqlLinePct	swiftLinePct	txtLinePct	yarnLinePct
5c363ed622ef8e060a3e6f6918a8b5e05798f21e	C Bugfix	10	3914	0	0	2	16	62.5	37.5	0	0	0	0	0	0	0	0	0	0	0	0	0	0	0
0b0135251984667d0609f126eba973cbaa34cb6f	C Bugfix	10	3914	0	0	1	11	100	0	0	0	0	0	0	0	0	0	0	0	0	0	0	0	0
6541b328f100627b7432a7b9c151891ab4a6706a	C Bugfix	10	3914	0	0	1	14	100	0	0	0	0	0	0	0	0	0	0	0	0	0	0	0	0
8921d5d97f769d0ae2adee65445aa0748b0e4de1	C Bugfix	10	3914	0	0	1	15	100	0	0	0	0	0	0	0	0	0	0	0	0	0	0	0	0
d3e65ba8a44c75f9fd180309ba6c07dd03a2a9d5	C Bugfix	10	3914	0	0	1	16	100	0	0	0	0	0	0	0	0	0	0	0	0	0	0	0	0
e0b28df9fa386b6aa8f439a5949e984c90a8320d	C Bugfix	10	3914	0	0	2	20	100	0	0	0	0	0	0	0	0	0	0	0	0	0	0	0	0
2f14971b82237ebcd19557421eca8c1976caccf0	C Bugfix	10	3914	0	0	1	23	100	0	0	0	0	0	0	0	0	0	0	0	0	0	0	0	0
fae3fbd61a89c7a35bc0eda91b1df61371dc0936	C Bugfix	10	3914	0	0	2	23	95.65	0	0	0	0	0	0	0	0	0	0	0	0	0	0	0	0
ac757b50edbbdb49cf0c1804d7f6273e16d269a4	C Bugfix	10	3914	0	0	3	9	77.77	0	0	0	0	0	0	0	0	0	0	0	0	0	0	0	0
6ec26a1d96fa323ef3878e0aae940d21b9aaf418	C Bugfix	10	3914	0	0	2	8	75	0	0	0	0	0	0	0	0	0	0	0	0	0	0	0	0
267228a6d819c857a5c1fe6dcea85b90781ea7cc	C Bugfix	3	86663	0	0	2	3	66.66	0	0	0	0	0	0	0	0	0	0	0	0	0	0	0	0
17c32ac75868b27780c15c4ff52c2403b63fdbc9	C Bugfix	10	3914	0	0	2	23	52.17	0	0	0	0	0	0	0	0	0	0	0	0	0	0	0	0
86c981d9fa4f608e97c92171afdcefa041e9497b	C Bulk Commit	22	1526	0	0	3	825	96.84	3.15	0	0	0	0	0	0	0	0	0	0	0	0	0	0	0
577d6d68299ead0fe34c1cfe36a0a91d7e888b54	C Bulk Commit	22	1526	0	0	1	2032	100	0	0	0	0	0	0	0	0	0	0	0	0	0	0	0	0
150b4913ede4779d480d2fc297070bbce57d5691	C Bulk Commit	22	1526	0	0	2	5906	99.98	0	0	0	0	0	0	0	0	0	0	0	0	0	0	0	0
9a56bc1a3f749259de005f2073c2ea35f2e6dc4f	C Bulk Commit	22	1526	0	0	4	4033	99.95	0	0	0	0	0	0	0	0	0	0	0	0	0	0	0	0
0bc8a986d0274696dad221fe4871e71931e64625	C Bulk Commit	22	1526	0	0	3	2059	97.86	0	0	0	0	0	0	0	0	0	0	0	0	0	0	0	0
4b456682125d74553ee51c7ba961d4fe4c425b70	C Bulk Commit	22	1526	0	0	6	4439	95.65	0	0	0	0	0	0	0	0	0	0	0	0	0	0	0	0
70f9d979f613b399ed277a170c8c716dd85be8dd	C Bulk Commit	22	1526	0	0	6	1573	95.29	0	0	0	0	0	0	0	0	0	0	0	0	0	0	0	0
b460ffb8fe0f989d30ecde3505052691077c879e	C Bulk Commit	22	1526	0	0	4	2804	92.18	0	0	0	0	0	0	0	0	0	0	0	0	0	0	0	0
3f1901cade585010ddc7605b9e72ff9f03d5e613	C Bulk Commit	22	1526	0	0	5	562	91.28	0	0	0	0	0	0	0	0	0	0	0	0	0	0	0	0
8f18d96e5f98676413097cd5ce96ed19d4ff3da0	C Bulk Commit	22	1526	0	0	4	2451	90.86	0	0	0	0	0	0	0	0	0	0	0	0	0	0	0	0
01c78669494a05a539cdbb83614b6c3312e5401e	C Bulk Commit	22	1526	0	0	5	476	86.97	0	0	0	0	0	0	0	0	0	0	0	0	0	0	0	0
9ab9d49e472f1ed89c16e427c22c3ea4503810f0	C Bulk Commit	22	1526	0	0	12	5885	82.97	0	0	0	0	0	0	0	0	0	0	0	0	0	0	0	0
db103715b9de35ed51aff22cbd76b14dd511feb3	C Development	22	1526	0	0	9	322	90.37	0	2.79	0	0	0	0	0	0	0	0	0	0	0	0	0	0
9cc0230cfc1ae9b9c1c905cd9ac613bc98bfa43a	C Development	10	3914	0	0	11	58	89.65	8.62	0	0	0	0	0	0	0	0	0	0	0	0	0	0	0
7d1489a89ac03393e22614412bf00b617dd16398	C Development	10	3914	0	0	1	64	100	0	0	0	0	0	0	0	0	0	0	0	0	0	0	0	0
af836ad58808a1f6437a8b9a76b670c07c9a1212	C Development	22	1526	0	0	28	178	100	0	0	0	0	0	0	0	0	0	0	0	0	0	0	0	0
fe791db7b96ca4f19d490f43cf3dc5157d7e325f	C Development	22	1526	0	0	2	575	98.26	0	0	0	0	0	0	0	0	0	0	0	0	0	0	0	0
270fb0dd981acc777c2c83c66910485f5a804ea6	C Development	10	3914	0	0	2	70	91.42	0	0	0	0	0	0	0	0	0	0	0	0	0	0	0	0
a1e5c5bc399f95f4ee5994f55ceb1267b233ce12	C Development	10	3914	0	0	7	97	90.72	0	0	0	0	0	0	0	0	0	0	0	0	0	0	0	0
9b1bd0d60b976e3e130cbb6d1eac84c9c6835adb	C Development	10	3914	0	0	7	85	85.88	0	0	0	0	0	0	0	0	0	0	0	0	0	0	0	0
a9db003717d0515ec9b5921beb7128a43778e7f6	C Development	22	1526	0	0	5	304	63.81	0	0	0	0	0	0	0	0	0	0	0	0	0	0	0	0
eca4ca4d60599c9dbdd4e03a73beb33e9b44655a	C++ Bugfix	31	6291	0	0	1	3	0	100	0	0	0	0	0	0	0	0	0	0	0	0	0	0	0
e841479b4b8a5b6e401be80f09fc459797a09672	C++ Bugfix	31	6291	0	0	1	3	0	100	0	0	0	0	0	0	0	0	0	0	0	0	0	0	0
4aaa01783d4e3592db456fb2db05207c3c278244	C++ Bugfix	31	6291	0	0	1	3	0	100	0	0	0	0	0	0	0	0	0	0	0	0	0	0	0
e8fdb8166c6f1677eff614d26af2cf9a84ca73e1	C++ Bugfix	31	6291	0	0	5	3	0	100	0	0	0	0	0	0	0	0	0	0	0	0	0	0	0
a1f54f4e40811e526541f3a54f6a19dd42c8e688	C++ Bugfix	31	6291	0	0	1	4	0	100	0	0	0	0	0	0	0	0	0	0	0	0	0	0	0
3cb56f37780854bf26650e0872a556da25897a0a	C++ Bugfix	31	6291	0	0	4	4	0	100	0	0	0	0	0	0	0	0	0	0	0	0	0	0	0
6ba8f30e7b0b0bbb365fcca95b0c33af31f28ef4	C++ Bugfix	31	6291	0	0	1	5	0	100	0	0	0	0	0	0	0	0	0	0	0	0	0	0	0
e7c99918ed9f061bebaf6030df87bcca52374f31	C++ Bugfix	31	6291	0	0	1	5	0	100	0	0	0	0	0	0	0	0	0	0	0	0	0	0	0
087b895e550ed6bd4a60bc120f4c0f9b3f08c5f6	C++ Bugfix	31	6291	0	0	1	6	0	100	0	0	0	0	0	0	0	0	0	0	0	0	0	0	0
d75e704ac08fb43320e3ebcdde0d2a5392fdec9f	C++ Bugfix	31	6291	0	0	1	6	0	100	0	0	0	0	0	0	0	0	0	0	0	0	0	0	0
04ce691ede8c21870496e3ccbe8a2047e517a87a	C++ Bugfix	31	6291	0	0	1	6	0	100	0	0	0	0	0	0	0	0	0	0	0	0	0	0	0
dd79dad17545424d145e846026518d70da594380	C++ Bugfix	31	6291	0	0	1	6	0	100	0	0	0	0	0	0	0	0	0	0	0	0	0	0	0
e90478f43e7bf9726ba033fde4a2776f9d5a9af4	C++ Bugfix	31	6291	0	0	2	6	0	100	0	0	0	0	0	0	0	0	0	0	0	0	0	0	0
88babaac3071e3babf1bbe022dae504ac8bf27c8	C++ Bugfix	31	6291	0	0	1	8	0	100	0	0	0	0	0	0	0	0	0	0	0	0	0	0	0
b0ad55a08a32832709f3b298b588577422071a93	C++ Bugfix	31	6291	0	0	1	8	0	100	0	0	0	0	0	0	0	0	0	0	0	0	0	0	0
581c212b023f057134bea1e71b873d0a58c77a39	C++ Bugfix	31	6291	0	0	1	9	0	100	0	0	0	0	0	0	0	0	0	0	0	0	0	0	0
755aa05174e06effd758eeb78c5af9fb465e9611	C++ Bugfix	31	6291	0	0	1	9	0	100	0	0	0	0	0	0	0	0	0	0	0	0	0	0	0
758537b2747f85e33308b843a109e16ae05477e0	C++ Bugfix	31	6291	0	0	1	10	0	100	0	0	0	0	0	0	0	0	0	0	0	0	0	0	0
421b5ccc362cf145cd214985240fa2a0848cd026	C++ Bugfix	17	6028	0	0	1	16	0	100	0	0	0	0	0	0	0	0	0	0	0	0	0	0	0
18d1edb017537894587e37fdb56d84b956eeea84	C++ Bugfix	17	6028	0	0	1	18	0	100	0	0	0	0	0	0	0	0	0	0	0	0	0	0	0
1814b089fbf6eca03b1f026e2033d4a6ccc6305f	C++ Bugfix	17	6028	0	0	1	18	0	100	0	0	0	0	0	0	0	0	0	0	0	0	0	0	0
916a004f3302f2999c94b27795fbbc9c03997657	C++ Bugfix	17	6028	0	0	1	19	0	100	0	0	0	0	0	0	0	0	0	0	0	0	0	0	0
91c5b68acd12cf7c2b4888d54d8fdd21837b2817	C++ Bugfix	17	6028	0	0	1	24	0	100	0	0	0	0	0	0	0	0	0	0	0	0	0	0	0
a83e54cfd3cb8d31bafe9dd980a6871143bd77c7	C++ Bugfix	17	6028	0	0	2	26	3.84	96.15	0	0	0	0	0	0	0	0	0	0	0	0	0	0	0
f77ba34313768fde9b813243dcd408f9755b0418	C++ Bugfix	17	6028	0	0	2	17	5.88	94.11	0	0	0	0	0	0	0	0	0	0	0	0	0	0	0
eecffe50efc3944d713c701fa375dacbf17fb7cf	C++ Bugfix	31	6291	0	0	2	12	8.33	91.66	0	0	0	0	0	0	0	0	0	0	0	0	0	0	0
d8c1d0d5e494465cbc27a639d5337240d84997fe	C++ Bugfix	17	6028	0	0	4	16	12.5	87.5	0	0	0	0	0	0	0	0	0	0	0	0	0	0	0
8bae2dba7c9697d129a43c1dde54690f3e37a84a	C++ Bugfix	17	6028	0	0	3	14	14.28	85.71	0	0	0	0	0	0	0	0	0	0	0	0	0	0	0
8538a25f8d97f8416d20ace7dcd1bd760a425db9	C++ Bugfix	17	6028	0	0	2	16	18.75	81.25	0	0	0	0	0	0	0	0	0	0	0	0	0	0	0
6af3f63075b4187a2fff36f7441f4d6f3fc32b5f	C++ Bulk Commit	6	2095	0	0	30	7215	0	98.29	0	0	0	0	0	0	0	0	0	0	0	0	0	0.66	0
bfd267459c293f4351dbd5e286650d1393efaa0d	C++ Bulk Commit	32	2108	0	0	14	156	30.76	68.58	0	0	0	0	0	0	0	0	0	0	0	0	0	0.64	0
ce0a3e93f2e2a29a179d6c8d7f98b01310d7f909	C++ Bulk Commit	32	2108	0	0	23	62	14.51	69.35	0	0	0	0	0	0	0	0	0	0	1.61	0	0	0	0
8b3095920ac1b40f5298175deb804311d9c54628	C++ Bulk Commit	6	2095	0	0	17	79	2.53	67.08	0	0	0	0	0	0	0	0	0	0	1.26	0	0	0	0
03dc1fe1cfdd83e6abf4a260a65df61ef3cae583	C++ Bulk Commit	6	2095	38	0	609	8430	0	97.79	0	0	0	0	0	0	0	0	0	0	0.09	0	0	0	0
d1df503b2944aae6d58fc026c59172f8e77dc9aa	C++ Bulk Commit	6	2095	0	0	10	144	0	100	0	0	0	0	0	0	0	0	0	0	0	0	0	0	0
e4a4699c2f2d875c9123ca284ec54240f9412da1	C++ Bulk Commit	6	2095	0	0	17	279	0	100	0	0	0	0	0	0	0	0	0	0	0	0	0	0	0
076374d835645e54285c4a46a1290658b332e366	C++ Bulk Commit	6	2095	0	0	10	604	0	100	0	0	0	0	0	0	0	0	0	0	0	0	0	0	0
bcd2571cbe6ad205fdd437ee94dd9d145910d402	C++ Bulk Commit	6	2095	0	0	13	377	0	99.73	0	0	0	0	0	0	0	0	0	0	0	0	0	0	0
80b4910f7d87983f50047074c3c2397b0a5c4e92	C++ Bulk Commit	32	2108	0	0	15	239	3.76	96.23	0	0	0	0	0	0	0	0	0	0	0	0	0	0	0
f76d4d59197db344613de18d1bfcead34a5e42ba	C++ Bulk Commit	32	2108	0	0	5	216	7.87	92.12	0	0	0	0	0	0	0	0	0	0	0	0	0	0	0
43fd63029336aeea3ed38d14a7a21a068e89b5be	C++ Bulk Commit	32	2108	0	0	11	202	8.41	77.22	0	0	0	0	0	0	0	0	0	0	0	0	0	0	0
8944b092f8de074ec2c98434cb4c76d804146bd6	C++ Development	6	2095	0	0	4	103	0.97	96.11	0	0	0	0	0	0	0	0	0	0	0	0	0	2.91	0
7c0a121e456b966826afe575929bad225aa0cb15	C++ Development	6	2095	0	0	4	73	2.73	95.89	0	0	0	0	0	0	0	0	0	0	1.36	0	0	0	0
af57c083f2aa144e765a7345f15713330b192e36	C++ Development	17	6028	0	0	2	33	0	100	0	0	0	0	0	0	0	0	0	0	0	0	0	0	0
96da2e97899f27ad7a4e7afaea7c3be31e4f4690	C++ Development	17	6028	0	0	1	54	0	100	0	0	0	0	0	0	0	0	0	0	0	0	0	0	0
3960abfaa1f683df2d5dcd331c39cf3544659ade	C++ Development	6	2095	0	0	6	78	0	100	0	0	0	0	0	0	0	0	0	0	0	0	0	0	0
6dc4593db1ccfb8745b2daa42f457981ae08dba9	C++ Development	6	2095	0	0	2	91	0	100	0	0	0	0	0	0	0	0	0	0	0	0	0	0	0
0ce288c5caa1dbce167f2fd01a92317882cd9fb3	C++ Development	6	2095	0	0	7	102	0	100	0	0	0	0	0	0	0	0	0	0	0	0	0	0	0
09bea5caee08f727a65de8900f2d2f256b7fbbde	C++ Development	6	2095	0	0	3	116	0	100	0	0	0	0	0	0	0	0	0	0	0	0	0	0	0
c41ef15a86767573022ecd6cbfaec6066b1bec23	C++ Development	6	2095	0	0	1	198	0	100	0	0	0	0	0	0	0	0	0	0	0	0	0	0	0
a1d7df32360605724d8f0ea4b7aebfa7aea24c97	C++ Development	17	6028	0	0	4	60	1.66	98.33	0	0	0	0	0	0	0	0	0	0	0	0	0	0	0
71cc095cb26c4967ed9e9ebf89b6eb1e685c3844	C++ Development	6	2095	0	0	4	175	1.71	98.28	0	0	0	0	0	0	0	0	0	0	0	0	0	0	0
09a36cba0223c16248335703412cee019c7aa59f	C++ Development	6	2095	0	0	7	86	1.16	96.51	0	0	0	0	0	0	0	0	0	0	0	0	0	0	0
763bdb1d51e4e212c5ccfa4bf23d2e37e4e41529	C++ Development	6	2095	0	0	6	74	5.4	94.59	0	0	0	0	0	0	0	0	0	0	0	0	0	0	0
e6f8aaafa5da769b9c80667214179c7dae78fd74	C++ Development	6	2095	0	0	3	87	5.74	94.25	0	0	0	0	0	0	0	0	0	0	0	0	0	0	0
c941eaf5d68f488137f4e1d2f3dbf31d2de30634	C++ Development	32	2108	0	0	3	238	8.4	91.59	0	0	0	0	0	0	0	0	0	0	0	0	0	0	0
1fdb7a1536209409010c6b6a69aedfce03c8372d	C++ Development	32	2108	0	0	5	80	10	90	0	0	0	0	0	0	0	0	0	0	0	0	0	0	0
11cc491a288a73e911be24a285e12abd57df7d04	C++ Development	32	2108	0	0	3	77	10.38	89.61	0	0	0	0	0	0	0	0	0	0	0	0	0	0	0
e0734571912736356839fde75fd10993b0df81d5	C++ Development	17	6028	0	0	5	31	12.9	87.09	0	0	0	0	0	0	0	0	0	0	0	0	0	0	0
29e5cd89be6e815a42de5abd50ea725b3cf6deb4	C++ Development	32	2108	0	0	3	181	13.25	86.74	0	0	0	0	0	0	0	0	0	0	0	0	0	0	0
d0abc5359b24a27376cc1a4ba8d0b35e7ca036d2	C++ Development	32	2108	0	0	3	76	15.78	84.21	0	0	0	0	0	0	0	0	0	0	0	0	0	0	0
c7b8f343e99d9d53ea353ddce9a977f1886caf30	C++ Development	17	6028	0	0	5	13	30.76	69.23	0	0	0	0	0	0	0	0	0	0	0	0	0	0	0
f613e5dfdafe708f63ebb5193c44e2bc770c6651	C++ Development	32	2108	0	0	7	79	30.37	67.08	0	0	0	0	0	0	0	0	0	0	0	0	0	0	0
58b39798c043266dcc56609416a9e65bf4e4a784	Config	16	95093	0	0	1	1	0	0	100	0	0	0	0	0	0	0	0	0	0	0	0	0	0
566f4e6a400ff2b5dd8ddec29b19bca199bc799e	Config	3	86663	0	0	1	2	0	0	100	0	0	0	0	0	0	0	0	0	0	0	0	0	0
3b946d3bdd52b60c1ff91237f59c0750fdc68afc	Config	12	43434	0	0	1	39	0	0	100	0	0	0	0	0	0	0	0	0	0	0	0	0	0
ef75282f0cd3ecc869fab16f3178c36a084c94ef	Data	24	586	0	0	2	1410	0	0	0	99.57	0	0	0	0	0.42	0	0	0	0	0	0	0	0
337dbdd4c288162ed597afa60c7e33bcbf805a17	Data	24	586	0	0	2	1491	0	0	0	99.79	0	0	0	0	0.2	0	0	0	0	0	0	0	0
a24e722eb9ccb895f0d6e4fda9942154ed88c273	Data	24	586	0	0	2	1598	0	0	0	99.81	0	0	0	0	0.18	0	0	0	0	0	0	0	0
ab45d0d93071d1cfaca68aa61b79d83ccfa069a0	Data	24	586	0	0	2	1247	0	0	0	99.83	0	0	0	0	0.16	0	0	0	0	0	0	0	0
0881bb18013a66cdb3894500596acc25833a0cd0	Data	24	586	0	0	2	1636	0	0	0	99.87	0	0	0	0	0.12	0	0	0	0	0	0	0	0
e2982e7b3236c0a47fff3cd40bb3891793b1d14d	Data	24	586	0	0	2	1326	0	0	0	99.92	0	0	0	0	0.07	0	0	0	0	0	0	0	0
74826acb9a41b8ff425387399faac76d3e97a8b3	Data	24	586	0	0	2	1490	0	0	0	99.93	0	0	0	0	0.06	0	0	0	0	0	0	0	0
f5f1889e50094bb5327d9557e2a1743928684c6a	Data	24	586	0	0	2	1687	0	0	0	99.94	0	0	0	0	0.05	0	0	0	0	0	0	0	0
d0dab7c417067fa142f99e09ba55ef109d6fb4d7	Data	24	586	0	0	1	98	0	0	0	100	0	0	0	0	0	0	0	0	0	0	0	0	0
db18c48670f492ffe3577794e74cf8b98c96d3d0	Data	24	586	0	0	1	240	0	0	0	100	0	0	0	0	0	0	0	0	0	0	0	0	0
516f5c9e642c1503044309fe0594683cf61e42f1	Data	24	586	0	0	1	1331	0	0	0	100	0	0	0	0	0	0	0	0	0	0	0	0	0
710b39ca88181f9322751528a7aa120cb4a01b5c	Data	24	586	0	0	1	1340	0	0	0	100	0	0	0	0	0	0	0	0	0	0	0	0	0
5236f2a803a64abc6f0515b4d324d5c8bcccdee3	Data	24	586	0	0	1	1561	0	0	0	100	0	0	0	0	0	0	0	0	0	0	0	0	0
6a539f0956268c0cb52062f5947a6653ef9576ca	Data	24	586	0	0	1	1566	0	0	0	100	0	0	0	0	0	0	0	0	0	0	0	0	0
1435f2d4a5f1223edda0e10b91fd8f4c6f2e05bd	Data	24	586	0	0	1	1617	0	0	0	100	0	0	0	0	0	0	0	0	0	0	0	0	0
867e4a4475785bd428e488cfc2d66130fed5013d	Data	24	586	0	0	1	12368	0	0	0	100	0	0	0	0	0	0	0	0	0	0	0	0	0
7b6a55d35a549d568b00b5c3851543d24a618ccf	Documentation	30	1671	0	0	5	240	0	0	0	0	0	0	0	0	0	0	0	0	96.25	0	0	0	3.75
4178bca2a248f8606b56419f5c46a579b6c4f45b	Documentation	30	1671	0	0	2	165	0	0	0	0	0	0	0	0	0	0	0	0	98.18	0	0	1.81	0
063312760ef58b43baab10d8d3564ca04728ae6d	Documentation	7	5724	0	0	12	30	0	0	0	0	0	0	0	0	0	0	0	0	100	0	0	0	0
7da6e1cfc687d35e9b3c5e2fcb2d3bd5aa14a0fd	Documentation	7	5724	0	0	11	35	0	0	0	0	0	0	0	0	0	0	0	0	100	0	0	0	0
b37ab24bf9bf5c511b9950220550208c13f2f6bd	Documentation	7	5724	0	0	1	37	0	0	0	0	0	0	0	0	0	0	0	0	100	0	0	0	0
6e06d58eca0af832bd7f4fa306ad5db2229947dd	Documentation	7	5724	0	0	2	42	0	0	0	0	0	0	0	0	0	0	0	0	100	0	0	0	0
eff7452433ad2e1b281022897c609954d220400d	Documentation	7	5724	0	0	3	54	0	0	0	0	0	0	0	0	0	0	0	0	100	0	0	0	0
38b95d8924186e72544795811b171ead39054c7d	Documentation	7	5724	0	0	1	62	0	0	0	0	0	0	0	0	0	0	0	0	100	0	0	0	0
9fb3b7c795421c39819d8b836a9020a449e6db3e	Documentation	7	5724	0	0	1	73	0	0	0	0	0	0	0	0	0	0	0	0	100	0	0	0	0
f247f0c518c6e848061462e3234f32cc7d854a46	Documentation	7	5724	0	0	1	79	0	0	0	0	0	0	0	0	0	0	0	0	100	0	0	0	0
433ffa92881ba002ed432ea2528f63412c05e92d	Documentation	7	5724	0	0	1	123	0	0	0	0	0	0	0	0	0	0	0	0	100	0	0	0	0
b709e0a3f2e07b636d4a42f3c5e5449f7156bad9	Documentation	30	1671	0	0	16	147	0	0	0	0	0	0	0	0	0	0	0	0	100	0	0	0	0
55269dc08d0c4801947c2f3237bd4cc26dc642cc	Documentation	7	5724	0	0	1	158	0	0	0	0	0	0	0	0	0	0	0	0	100	0	0	0	0
f6c1176a3108cf0554fa92c6407ac9668c21f1f1	Documentation	7	5724	1	50	1	166	0	0	0	0	0	0	0	0	0	0	0	0	100	0	0	0	0
8cf44d0df92ca614b3c0a0b9b6d16874cb6421ac	Documentation	30	1671	0	0	3	168	0	0	0	0	0	0	0	0	0	0	0	0	100	0	0	0	0
05401c5bbb018f12845a6f277e5b6d1bfb2da121	Documentation	30	1671	0	0	1	214	0	0	0	0	0	0	0	0	0	0	0	0	100	0	0	0	0
32103f89132e0add20c0da6dee636d9431be2f20	Documentation	30	1671	0	0	1	233	0	0	0	0	0	0	0	0	0	0	0	0	100	0	0	0	0
ee68caa09441962971339954a3547d57c881c0e8	Documentation	30	1671	0	0	1	246	0	0	0	0	0	0	0	0	0	0	0	0	100	0	0	0	0
b69a8ca2f0751fea7620ac1dffe903f3ea0b6417	Documentation	30	1671	9	81.81	2	264	0	0	0	0	0	0	0	0	0	0	0	0	100	0	0	0	0
751522da5b7c7fbcf292739c05a8be19e5c98108	Documentation	7	5724	0	0	2	29	0	0	0	0	0	0	0	3.44	0	0	0	0	96.55	0	0	0	0
b5fa6e9dd64abc7156584b526aaec25e34f4dad2	Documentation	7	5724	0	0	10	97	0	0	0	0	0	0	0	0	0	0	0	0	87.62	0	0	0	0
8ebd1087a3ab14aa2bf7ed61ffd2648079144920	Documentation Bulk	30	1671	0	0	24	240	0	0	0	0	0	0	0	0	0	0	0	0	100	0	0	0	0
8f4aa74e253b6af36f155f0284448ed7afb4578e	Documentation Bulk	30	1671	0	0	62	277	0	0	0	0	0	0	0	0	0	0	0	0	100	0	0	0	0
fec230edcc2ae0ec4fd3811185ad3b1802a5c90b	Documentation Bulk	30	1671	0	0	1	1086	0	0	0	0	0	0	0	0	0	0	0	0	100	0	0	0	0
b64f0c74fb344b90af4c23d26bdbaad453e033ca	Documentation Bulk	30	1671	0	0	13	1450	0	0	0	0	0	0	0	0	0	0	0	0	100	0	0	0	0
0bae6685f78286ae19a45107542ff4c79ebfbfd8	Documentation Bulk	30	1671	0	0	137	36154	0	0	0	0	0	0	0	0	0	0	0	0	100	0	0	0	0
4181ada7493c77e87c6d8ad1101292b954f8a0f5	Documentation Bulk	30	1671	0	0	43	1025	0	0	0	0	0	0	0	0	0.19	0	0	0	99.8	0	0	0	0
4f494f21a9cc39e018b336c17db281fa00d6ec8c	Documentation Bulk	30	1671	0	0	3	671	0	0	0	0	0	0	0	0	0.29	0	0	0	99.7	0	0	0	0
1263e5fb65380984603257f86ad2bcd71e83f3b1	Documentation Bulk	15	469	0	0	161	2061	0	0	0	0	0	0	2.03	0	0.97	0	0	0	96.99	0	0	0	0
53c1f3f78fb0c46584dd1fe2dd9b3a6fa8c21b80	Documentation Bulk	15	469	0	0	174	2190	0	0	0	0	0	0	2.32	0	1.14	0	0	0	96.52	0	0	0	0
90cfd343ebae7477c9f9f7e37bbfbf50403bf030	Documentation Bulk	15	469	0	0	175	2000	0	0	0	0	0	0	2.55	0	1.25	0	0	0	96.2	0	0	0	0
8c5cff55e194a2a58fd38a340f54c9573f5dbcb3	Documentation Bulk	15	469	0	0	174	1682	0	0	0	0	0	0	3.15	0	1.6	0	0	0	95.24	0	0	0	0
6f990ba1ea550befbab9b288c52a5dc017bb8ae4	Documentation Bulk	30	1671	0	0	22	484	0	0	0	0	0	0	0	2.27	4.33	0	0	0	93.38	0	0	0	0
5229bec04d7ecdf59b0dc118556c6eb007876a2a	Documentation Bulk	15	469	0	0	336	3012	0	0	0	0	0	0	8.1	0	0.89	0	0	0	91	0	0	0	0
4edb3a0f5ba220110d2a45bd85628c8e4cd48edd	Documentation Bulk	30	1671	0	0	153	176	0	0	0	0	0	0	0	9.65	0	0	0	0	90.34	0	0	0	0
75e800374fcd94c8ff55c13e7315f8c836a4b701	Documentation Bulk	15	469	0	0	177	2355	0	0	0	0	0	0	8.87	0.67	1.06	0	0.16	0	89.21	0	0	0	0
ccda086f1c1a0844630e8fbaf46a8d8a94003355	Documentation Tweak	16	95093	0	0	1	1	0	0	0	0	0	0	0	0	0	0	0	0	100	0	0	0	0
cd54bb37669ca70bde06687bc06dd932c73e66b5	Documentation Tweak	16	95093	0	0	1	1	0	0	0	0	0	0	0	0	0	0	0	0	100	0	0	0	0
4fa969f9a8f59c5455dddffc5e82432ff89dc402	Documentation Tweak	3	86663	0	0	1	2	0	0	0	0	0	0	0	0	0	0	0	0	100	0	0	0	0
9a18502078463b89a39cb572b4e8af5f5cda0be5	Documentation Tweak	3	86663	0	0	1	2	0	0	0	0	0	0	0	0	0	0	0	0	100	0	0	0	0
489d8e8dfdcc8b2f67838bb6b519706e8ac8bf07	Documentation Tweak	3	86663	0	0	1	2	0	0	0	0	0	0	0	0	0	0	0	0	100	0	0	0	0
deacc48f97d141bbf73abb47b8eee8b7aaa198b0	Documentation Tweak	39	11013	0	0	1	3	0	0	0	0	0	0	0	0	0	0	0	0	100	0	0	0	0
d0387aeaab0cc9563330f246f6eb63684803b0c3	Documentation Tweak	39	11013	0	0	1	4	0	0	0	0	0	0	0	0	0	0	0	0	100	0	0	0	0
448fbcf6e0cd79bf7a6401d3bdbc5d0d551a38a6	Documentation Tweak	39	11013	0	0	1	4	0	0	0	0	0	0	0	0	0	0	0	0	100	0	0	0	0
7cf13a513409c18d18dff2f6203b3630937b487d	Documentation Tweak	39	11013	0	0	1	4	0	0	0	0	0	0	0	0	0	0	0	0	100	0	0	0	0
48a8453a31785f0545feae8f86246291bc23bffc	Documentation Tweak	39	11013	0	0	1	5	0	0	0	0	0	0	0	0	0	0	0	0	100	0	0	0	0
da47782b7775dd3cbb7f1b915c8d276e736506f8	Documentation Tweak	39	11013	0	0	1	5	0	0	0	0	0	0	0	0	0	0	0	0	100	0	0	0	0
61c5f6b3fd1d0cbded18cc1d302aa482098778d7	Documentation Tweak	39	11013	0	0	1	5	0	0	0	0	0	0	0	0	0	0	0	0	100	0	0	0	0
2f6c31a4268e3005a7364ee9cffefecff275cbad	Documentation Tweak	39	11013	0	0	1	6	0	0	0	0	0	0	0	0	0	0	0	0	100	0	0	0	0
41949f5390bd6669e69b2c6a204ee7f3ae62018a	Documentation Tweak	39	11013	0	0	1	6	0	0	0	0	0	0	0	0	0	0	0	0	100	0	0	0	0
2eec74d7cbe5ef165439d6d86e17d1889c6582f4	Documentation Tweak	39	11013	0	0	3	6	0	0	0	0	0	0	0	0	0	0	0	0	100	0	0	0	0
f8fc4c074bb0c1a5b598a2cac1364a425e510767	Documentation Tweak	39	11013	0	0	1	7	0	0	0	0	0	0	0	0	0	0	0	0	100	0	0	0	0
cc6ef11e58ccd2a2ccdfe55ff83334898e5d2845	Documentation Tweak	39	11013	0	0	1	11	0	0	0	0	0	0	0	0	0	0	0	0	100	0	0	0	0
e0aca71a31d338e84c558e09b087f9ba5d186da3	Documentation Tweak	39	11013	0	0	1	12	0	0	0	0	0	0	0	0	0	0	0	0	100	0	0	0	0
960c0c2ecdcb6cbb316da16710cd0b9eea6026f5	Documentation Tweak	39	11013	0	0	1	14	0	0	0	0	0	0	0	0	0	0	0	0	100	0	0	0	0
aaf3df613e317b73414143e4d1b320387d96b7a7	Documentation Tweak	39	11013	0	0	1	14	0	0	0	0	0	0	0	0	0	0	0	0	100	0	0	0	0
3831c8bd634d6c59a646adb4ead09927fcaf2f3f	Documentation Tweak	7	5724	0	0	1	17	0	0	0	0	0	0	0	0	0	0	0	0	100	0	0	0	0
aee7677779aff2d0329d42f7c4329a8f1ef9235b	Documentation Tweak	7	5724	0	0	1	20	0	0	0	0	0	0	0	0	0	0	0	0	100	0	0	0	0
4f4038fcca01e440f0edf2b74c249c19d0cf52f4	Documentation Tweak	7	5724	0	0	1	25	0	0	0	0	0	0	0	0	0	0	0	0	100	0	0	0	0
c458e9f01ebb120a5f8dc7bdac5a3bde5faa27f4	Documentation Tweak	7	5724	0	0	1	26	0	0	0	0	0	0	0	0	0	0	0	0	100	0	0	0	0
39a90a2560096579fafa07a93144387bae3c2e74	Documentation Tweak	39	11013	0	0	2	10	0	0	0	0	0	0	0	0	0	0	0	0	90	0	0	0	0
75ee562d8ef2e98b31a322c6e1148e57b0819212	Go Bugfix	9	4557	0	0	1	5	0	0	0	0	0	100	0	0	0	0	0	0	0	0	0	0	0
ecc74d76ccf8fe4ca8c32120697d64845c475169	Go Bugfix	9	4557	0	0	1	6	0	0	0	0	0	100	0	0	0	0	0	0	0	0	0	0	0
3088c122d8497acf176f03a3f19f6292e817cab7	Go Bugfix	9	4557	0	0	2	6	0	0	0	0	0	100	0	0	0	0	0	0	0	0	0	0	0
8dbf59fec5670591ca0a47f9f00a51ae293acb6b	Go Bugfix	9	4557	0	0	2	9	0	0	0	0	0	100	0	0	0	0	0	0	0	0	0	0	0
1a8894b3d59bdf592244b91b6a629f7cf25dcdde	Go Bugfix	9	4557	0	0	1	10	0	0	0	0	0	100	0	0	0	0	0	0	0	0	0	0	0
0228fb57cd58147ab2c3914520c7805e25a8a1c4	Go Bugfix	9	4557	0	0	3	10	0	0	0	0	0	100	0	0	0	0	0	0	0	0	0	0	0
1a19c596bf489bb8489156706d42ffa9213d7ffe	Go Bugfix	9	4557	0	0	1	12	0	0	0	0	0	100	0	0	0	0	0	0	0	0	0	0	0
56977c225ecbf7834e380c03714c3e8d70e0b184	Go Bugfix	9	4557	0	0	1	12	0	0	0	0	0	100	0	0	0	0	0	0	0	0	0	0	0
28e5fc83526af17a911eece6befa5fe54578fb55	Go Bugfix	9	4557	0	0	1	14	0	0	0	0	0	100	0	0	0	0	0	0	0	0	0	0	0
23bccbbc587aa22057eb7ae29c5b87d44b7cac7d	Go Bugfix	9	4557	0	0	5	16	0	0	0	0	0	100	0	0	0	0	0	0	0	0	0	0	0
a20cc75b4a2982917db83370cadd40e26d1b35b6	Go Bugfix	9	4557	0	0	1	20	0	0	0	0	0	100	0	0	0	0	0	0	0	0	0	0	0
84246a91e8f4680adb64394c5f83da6ebc2e16c2	Go Bugfix	9	4557	0	0	1	24	0	0	0	0	0	100	0	0	0	0	0	0	0	0	0	0	0
ef63e9af55fcfe3255dddec3197bd8a807152c66	Go Bulk Commit	37	2968	0	0	37	4702	0	0	0	0	0	95.78	0	0	0.08	0	0	0	0.44	0	0	0	0.51
e1416fed9ad0cd7fca81c987f5abdf44d242a39c	Go Bulk Commit	37	2968	0	0	5	136	0	0	0	0	0	98.52	0	0	0	0	0	0	1.47	0	0	0	0
706a1e552c96bf75c60844c1dc28fc83778795fc	Go Bulk Commit	15	469	0	0	70	21105	0.03	0	0	0.03	0	89.21	0.67	0	0.17	0	0	0	1.05	0	0	0	0
272d58662c885ab1cef8930e96fb832ae5377d96	Go Bulk Commit	37	2968	0	0	15	81	0	0	0	0	0	100	0	0	0	0	0	0	0	0	0	0	0
8570abf0695626ee39b0dea3b305d727935b8dc8	Go Bulk Commit	37	2968	0	0	15	85	0	0	0	0	0	100	0	0	0	0	0	0	0	0	0	0	0
d3040a80d7a0721297cfac93b82e0e9428ddd3d1	Go Bulk Commit	37	2968	0	0	6	116	0	0	0	0	0	100	0	0	0	0	0	0	0	0	0	0	0
59bff465053312013253f8c4288b6fb0c1e3e4e1	Go Bulk Commit	37	2968	0	0	4	146	0	0	0	0	0	100	0	0	0	0	0	0	0	0	0	0	0
e75d5ecb11dd6e8ade6f8b3776fe07af4334f0bd	Go Bulk Commit	37	2968	0	0	18	183	0	0	0	0	0	100	0	0	0	0	0	0	0	0	0	0	0
a578db5dae0ae82ac8e06be8a29c48a7db22ebe0	Go Bulk Commit	37	2968	0	0	9	202	0	0	0	0	0	100	0	0	0	0	0	0	0	0	0	0	0
70c65835f4747d991fe8d79e7138828cd97c6ac7	Go Bulk Commit	37	2968	0	0	4	210	0	0	0	0	0	100	0	0	0	0	0	0	0	0	0	0	0
86372b20c0995abe0343ce5f453be113e5f192d0	Go Bulk Commit	37	2968	0	0	2	221	0	0	0	0	0	100	0	0	0	0	0	0	0	0	0	0	0
2006c4fbc439baae948b8f8849cb119d566d9674	Go Bulk Commit	37	2968	0	0	6	545	0	0	0	0	0	99.81	0	0	0	0	0	0	0	0	0	0	0
03b06a3f2614e4362f64b78086bf4704cf8c22f2	Go Bulk Commit	37	2968	0	0	80	468	0	0	0	0	0	98.71	0	0	0	0	0	0	0	0	0	0	0
e69c71d1e03b7a9a22f6c9312ab7ee7c12c66b51	Go Bulk Commit	37	2968	0	0	9	272	0	0	0	0	0	97.05	0	0	0	0	0	0	0	0	0	0	0
9564064dce917b6726c13bb04bf34bf04caa1c2f	Go Development	9	4557	0	0	3	28	0	0	0	0	0	100	0	0	0	0	0	0	0	0	0	0	0
115350ce4c7be70162628a5c4b480ae3001c3401	Go Development	9	4557	0	0	4	30	0	0	0	0	0	100	0	0	0	0	0	0	0	0	0	0	0
ad4dcc79b87374017f94a2564da967f56aa51006	Go Development	9	4557	0	0	2	33	0	0	0	0	0	100	0	0	0	0	0	0	0	0	0	0	0
4f12f0697e645a567fac9f13ed8cdb25e1218b84	Go Development	9	4557	0	0	2	36	0	0	0	0	0	100	0	0	0	0	0	0	0	0	0	0	0
14852810b4bd53bf6e3b04e9b4017a1ee87a4003	Go Development	9	4557	0	0	4	37	0	0	0	0	0	100	0	0	0	0	0	0	0	0	0	0	0
dfd07e5390cf0248ce3f6d251114d6a8fa94f1e8	Go Development	9	4557	0	0	5	37	0	0	0	0	0	100	0	0	0	0	0	0	0	0	0	0	0
c46c41eae35e3083090e5806932fc5076e53e37c	Go Development	9	4557	0	0	1	43	0	0	0	0	0	100	0	0	0	0	0	0	0	0	0	0	0
745dd5b7a517cf0930f96a9b162821d0d631dea9	Go Development	9	4557	0	0	2	48	0	0	0	0	0	100	0	0	0	0	0	0	0	0	0	0	0
a4a2343cdc1946e38da1aea1476642d1744c1354	Go Development	37	2968	0	0	6	51	0	0	0	0	0	100	0	0	0	0	0	0	0	0	0	0	0
a62ccb6dbb9edb1b8e615523756cfb22f472fa6b	Go Development	37	2968	0	0	2	59	0	0	0	0	0	100	0	0	0	0	0	0	0	0	0	0	0
accc0fab4f407eaeab428127bd5395a28f371f9f	Go Development	37	2968	0	0	4	70	0	0	0	0	0	100	0	0	0	0	0	0	0	0	0	0	0
936c8e19ff3db376fdd1ed53772c51c817a72112	Go Development	37	2968	0	0	2	73	0	0	0	0	0	100	0	0	0	0	0	0	0	0	0	0	0
e92bf47f040ecc8f81c530df85881fe203f7aca8	Go Development	37	2968	0	0	1	91	0	0	0	0	0	100	0	0	0	0	0	0	0	0	0	0	0
76eed9e50d65e014acf0828588ed8f6ce1777f8d	Go Development	37	2968	0	0	3	137	0	0	0	0	0	100	0	0	0	0	0	0	0	0	0	0	0
75fcd27d1ea60185a1677b56fb2997171061bd03	Go Development	37	2968	0	0	8	71	0	0	0	0	0	91.54	0	0	0	0	0	0	0	0	0	0	0
8d1ec10375a0428b1a62b9a4c7dc02fdf2307e93	Interface Bugfix	27	6393	0	0	4	12	0	0	0	0	0	0	58.33	25	16.66	0	0	0	0	0	0	0	0
901d69c2581670bfd58e43c3853b2239d4a3f4b4	Interface Bugfix	27	6393	0	0	5	19	0	0	0	0	0	0	63.15	26.31	10.52	0	0	0	0	0	0	0	0
7bc0c61911b65b0bc6c7fcc10fc1e4f4a2f64822	Interface Bugfix	14	17690	0	0	4	14	0	0	0	0	0	0	35.71	64.28	0	0	0	0	0	0	0	0	0
fd619b5b4b426f91302ebce39f2dffd1c1dcfedf	Interface Bugfix	27	6393	0	0	2	9	0	0	0	0	0	0	66.66	33.33	0	0	0	0	0	0	0	0	0
77d305ae2e2bf706a3a8116df6983e83c188637c	Interface Bugfix	11	4279	0	0	3	29	0	0	0	0	0	0	75.86	24.13	0	0	0	0	0	0	0	0	0
ad82444cb0f8f0b36cacee483727a27a885f5d30	Interface Bugfix	27	6393	0	0	2	18	0	0	0	0	0	0	77.77	22.22	0	0	0	0	0	0	0	0	0
21c18508658613c3396007abf42850d8a43d6e71	Interface Bugfix	27	6393	0	50	6	10	0	0	0	0	0	0	50	20	0	0	0	0	0	0	0	0	0
34ab40503b63471eb70468b9ffc469d9dd44e158	Interface Bugfix	27	6393	0	0	2	12	0	0	0	0	0	0	83.33	16.66	0	0	0	0	0	0	0	0	0
85cf9f094ba9175e294ead59560d235251f13c57	Interface Bugfix	27	6393	0	0	2	15	0	0	0	0	0	0	93.33	6.66	0	0	0	0	0	0	0	0	0
0e7c16b427aa9ba1db3400a7e2c7c41d98797935	Interface Bugfix	16	95093	0	0	1	1	0	0	0	0	0	0	100	0	0	0	0	0	0	0	0	0	0
14f04710c14c8395c5d27cbaee1360f8f11da5ad	Interface Bugfix	27	6393	0	0	1	4	0	0	0	0	0	0	100	0	0	0	0	0	0	0	0	0	0
4d8ba0cdb516ba0902fda2287f072e6bcb2ae2bc	Interface Bugfix	27	6393	0	0	1	4	0	0	0	0	0	0	100	0	0	0	0	0	0	0	0	0	0
4484dc956fbb62f0abe5ee094ad74dc5d97d984e	Interface Bugfix	27	6393	0	0	1	8	0	0	0	0	0	0	100	0	0	0	0	0	0	0	0	0	0
c98447acfee9dcb9830bc05e3f64b2411be23862	Interface Bugfix	27	6393	0	0	1	9	0	0	0	0	0	0	100	0	0	0	0	0	0	0	0	0	0
30dc8022134e8fe81b709d43e63f2c4595599f6b	Interface Bugfix	27	6393	0	0	1	9	0	0	0	0	0	0	100	0	0	0	0	0	0	0	0	0	0
b26583a53099db943961eb5743d6402a419d4795	Interface Bugfix	27	6393	0	0	3	9	0	0	0	0	0	0	100	0	0	0	0	0	0	0	0	0	0
b0638baf55d8ccf39e3efcbc16e91e8e0fa6bcf9	Interface Bugfix	27	6393	0	0	3	15	0	0	0	0	0	0	100	0	0	0	0	0	0	0	0	0	0
bcd17113474af2ba6a13d8ebd63b8e8ac192dc11	Interface Bugfix	27	6393	0	0	2	16	0	0	0	0	0	0	100	0	0	0	0	0	0	0	0	0	0
2de196d6fc7fd14fcd07e487ab99d7ddbb3ea5e7	Interface Bugfix	27	6393	0	0	1	29	0	0	0	0	0	0	100	0	0	0	0	0	0	0	0	0	0
000296082f69b9eb2bfba262fad0605229e0f01c	Interface Bulk Commit	21	931	2928	61.78	1693	720673	0	0	0	0	0	0	44.19	53.64	1.45	0	0	0	0	0	0	0.11	0
4f17047c77a836dffce7205198f720229eb20ac2	Interface Bulk Commit	15	469	0	0	620	14671	0	0	0	0	0	0	57.41	0	0.19	0	0	0	42.39	0	0	0	0
477ad7e4446e668a46f82214d29c43affcebc35b	Interface Bulk Commit	15	469	0	0	334	360259	0	0	0	0	0	0	99.46	0	0	0	0	0	0.52	0	0	0	0
dd297800da1149bb3143e8dde3177b29304de716	Interface Bulk Commit	21	931	0	0	24	730	0	0	0	0	0	0	33.97	50.68	15.34	0	0	0	0	0	0	0	0
cf3f406547dffc7773a1c9d5ef012d749b8fa644	Interface Bulk Commit	21	931	0	1.96	51	275	0	0	0	0	0	0	54.18	24.72	12	0	0	0	0	0	0	0	0
bb80c4df78d304b30b1261cebcba2b99b9f1cf64	Interface Bulk Commit	21	931	0	2.38	42	920	0	0	0	0	0	0	19.56	79.23	0.86	0	0	0	0	0	0	0	0
d3a9f984f563dfd1c569484bed92e2260ba47063	Interface Bulk Commit	21	931	0	0	7	246	0	0	0	0	0	0	62.19	37.39	0.4	0	0	0	0	0	0	0	0
2d0818e33fdcf8f08dc3f3e6a4dad06c0059d075	Interface Bulk Commit	21	931	0	0	8	257	0	0	0	0	0	0	23.73	75.87	0.38	0	0	0	0	0	0	0	0
e175d67f6b701e59ad3f0d3b5817e25b4326c8b9	Interface Bulk Commit	21	931	0	0	8	619	0	0	0	0	0	0	20.51	79.48	0	0	0	0	0	0	0	0	0
1d1300077262bb21ccbf759719da70670e8e92c2	Interface Bulk Commit	21	931	0	0	11	306	0	0	0	0	0	0	21.24	78.75	0	0	0	0	0	0	0	0	0
c0ed6395cfb27b6130fb9f67fd471a286e8657d9	Interface Bulk Commit	11	4279	0	0	22	177	0	0	0	0	0	0	24.85	75.14	0	0	0	0	0	0	0	0	0
b79b63bb02c36028e6b6c0b9682a5c104e7ef245	Interface Bulk Commit	21	931	0	0	14	502	0	0	0	0	0	0	31.87	57.96	0	0	0	0	0	0	0	0	0
a4b320338374d70c51e2fc010940fa225e3b3d0d	Interface Bulk Commit	21	931	1	6.25	15	304	0	0	0	0	0	0	39.14	52.96	0	0	0	0	0	0	0	0	0
bc1bbe0801f9e8de0f326bffb70ccd913d580ae3	Interface Bulk Commit	21	931	0	0	15	349	0	0	0	0	0	0	47.56	52.43	0	0	0	0	0	0	0	0	0
0b4fd0295ccdffa235f6d5d6d1674e13dbf7e8c7	Interface Bulk Commit	11	4279	0	0	10	216	0	0	0	0	0	0	55.55	16.2	0	0	0	0	0	0	0	0	0
c59854c4bb32ecf34e8196a1a3de528ccf01c4a2	Interface Bulk Commit	21	931	0	0	5	778	0	0	0	0	0	0	94.47	4.88	0	0	0	0	0	0	0	0	0
294760496b61be45ce45dfacc9029a31d19bff9d	Interface Bulk Commit	38	2773	0	0	21	349	0	0	0	0	0	0	100	0	0	0	0	0	0	0	0	0	0
b4a40dd0950976aea3d51e4da4fe5198c4379583	Interface Bulk Commit	38	2773	0	0	20	379	0	0	0	0	0	0	100	0	0	0	0	0	0	0	0	0	0
46cab1a8006a7e1358f64aaa5d82d69675ab5d8e	Interface Bulk Commit	38	2773	0	0	54	172	0	0	0	0	0	0	98.83	0	0	0	0	0	0	0	0	0	0
e2379a10a33e75619e9fd30f94ce15a3ea24bde1	Interface Development	11	4279	0	0	58	90	0	0	0	0	0	0	48.88	41.11	1.11	0	0	0	2.22	0	0	0	0
3974e4a9a35477a406bbc54e605ddfac9a4fa5ac	Interface Development	11	4279	0	0	9	45	0	0	0	0	0	0	24.44	68.88	6.66	0	0	0	0	0	0	0	0
bfffcc7ce77e16e98c14ec0dc25233e423ad77e6	Interface Development	11	4279	0	0	6	83	0	0	0	0	0	0	20.48	79.51	0	0	0	0	0	0	0	0	0
e8fc72757684001d0fde6315e3d054605296a55c	Interface Development	11	4279	0	0	5	134	0	0	0	0	0	0	20.89	79.1	0	0	0	0	0	0	0	0	0
fe3cdf3dbb8bc2e708fcca862048640d7d8285ea	Interface Development	11	4279	0	0	4	43	0	0	0	0	0	0	20.93	79.06	0	0	0	0	0	0	0	0	0
17acd34d0b13994d5fa17e0b850a3d96d3066486	Interface Development	11	4279	0	0	3	165	0	0	0	0	0	0	21.21	78.78	0	0	0	0	0	0	0	0	0
6d7ca84056da8e2ceeb64e59f5c683bd71c73200	Interface Development	11	4279	0	0	6	30	0	0	0	0	0	0	26.66	73.33	0	0	0	0	0	0	0	0	0
1a43eeb820d720fb3b86f68adbc59e73017ef79f	Interface Development	11	4279	0	0	3	51	0	0	0	0	0	0	47.05	52.94	0	0	0	0	0	0	0	0	0
c1b06ae67e5c735ed6b9549806a5ebe5f5aa12e2	Interface Development	11	4279	0	0	17	45	0	0	0	0	0	0	53.33	46.66	0	0	0	0	0	0	0	0	0
2b589fed60bf613bbb05d2266f7a17bb30066a7c	Interface Development	38	2773	0	0	3	80	0	0	0	0	0	0	93.75	6.25	0	0	0	0	0	0	0	0	0
ffd457dd4c1caa6774945dcc7510c5756c9d3c8b	Interface Development	27	6393	0	0	1	41	0	0	0	0	0	0	100	0	0	0	0	0	0	0	0	0	0
a0fd2e83d8c9d01a0c70226d4b4e219a00962daf	Interface Development	38	2773	0	0	1	50	0	0	0	0	0	0	100	0	0	0	0	0	0	0	0	0	0
df71fcf74606686a3d64e44711d8d3e689c418ac	Interface Development	38	2773	0	0	1	105	0	0	0	0	0	0	100	0	0	0	0	0	0	0	0	0	0
c081518f4e6b98a2a80e5801cf75d053f592a296	Interface Development	38	2773	0	0	8	124	0	0	0	0	0	0	100	0	0	0	0	0	0	0	0	0	0
c2ed5243ae0eb347aeb52d937e0429886fa5b7b2	Interface Development	38	2773	0	0	4	154	0	0	0	0	0	0	100	0	0	0	0	0	0	0	0	0	0
6b466bfefb4d816c99717b5d90097da9da279109	Interface Development	38	2773	0	0	11	205	0	0	0	0	0	0	100	0	0	0	0	0	0	0	0	0	0
9b36368e615757590715bda9ccbf3c9c9126383f	Interface Development	38	2773	0	0	3	233	0	0	0	0	0	0	100	0	0	0	0	0	0	0	0	0	0
a8e9ba724e01933be068d05c8d776b27ecbebd88	Interface Development	38	2773	0	0	5	311	0	0	0	0	0	0	100	0	0	0	0	0	0	0	0	0	0
4dadb0c330a64f36280d363c087b98e03e3efe7e	Interface Development	38	2773	0	0	7	165	0	0	0	0	0	0	63.63	0	0	0	0	0	0	0	0	0	0
8832130e1a37fc7c5bc25d1491abe2567132c8b9	JS Bugfix	16	95093	0	0	1	1	0	0	0	0	0	0	0	100	0	0	0	0	0	0	0	0	0
2f10ff1a2ecca597b4b897ebbbe9e8beeff1e38c	JS Bugfix	16	95093	0	0	1	1	0	0	0	0	0	0	0	100	0	0	0	0	0	0	0	0	0
c0b1291aecd79dfebf47357504eb01f742eaa07c	JS Bugfix	2	15555	0	0	1	2	0	0	0	0	0	0	0	100	0	0	0	0	0	0	0	0	0
05630365219cbf62ad17011e65b2ccce402131df	JS Bugfix	2	15555	0	0	1	2	0	0	0	0	0	0	0	100	0	0	0	0	0	0	0	0	0
36204feec3c83c4ca0aaa3fc6689ff0d12e57e95	JS Bugfix	2	15555	0	0	1	2	0	0	0	0	0	0	0	100	0	0	0	0	0	0	0	0	0
a133f124cc07351ef65eb9178e9e6e094c61f917	JS Bugfix	2	15555	0	0	1	2	0	0	0	0	0	0	0	100	0	0	0	0	0	0	0	0	0
527d686039fa47fdf0313a1f2dd3a59057a43a03	JS Bugfix	2	15555	0	0	1	2	0	0	0	0	0	0	0	100	0	0	0	0	0	0	0	0	0
048929181595c096d8223d1955878f18a1daf0f7	JS Bugfix	2	15555	0	0	2	2	0	0	0	0	0	0	0	100	0	0	0	0	0	0	0	0	0
69874a04bb5e657539e1c3b03d7050c5a14efea8	JS Bugfix	2	15555	0	0	3	2	0	0	0	0	0	0	0	100	0	0	0	0	0	0	0	0	0
b9d711c7586aebc4cd3e3bb608faae5e30537b47	JS Bugfix	2	15555	0	0	1	3	0	0	0	0	0	0	0	100	0	0	0	0	0	0	0	0	0
cc8881df47cac6beb2dbadbae106fd9e70f24683	JS Bugfix	2	15555	0	0	1	3	0	0	0	0	0	0	0	100	0	0	0	0	0	0	0	0	0
795dc297d8b7f16b841d9223ff362a47740db9f1	JS Bugfix	2	15555	0	0	1	3	0	0	0	0	0	0	0	100	0	0	0	0	0	0	0	0	0
87ff6d3445218b9def8d88892eddb5f1ecd48796	JS Bugfix	2	15555	0	0	1	3	0	0	0	0	0	0	0	100	0	0	0	0	0	0	0	0	0
3058e8f354905f917a2af715499d6c96ae715f57	JS Bugfix	2	15555	0	0	4	3	0	0	0	0	0	0	0	100	0	0	0	0	0	0	0	0	0
717935f7ccd8efdbc9d85fe18e100fe25f23a770	JS Bugfix	2	15555	0	0	2	4	0	0	0	0	0	0	0	100	0	0	0	0	0	0	0	0	0
f2cf098e0d1f537531d7888373aa6200f703d1bb	JS Bugfix	2	15555	0	0	1	5	0	0	0	0	0	0	0	100	0	0	0	0	0	0	0	0	0
4edabf3fcc52686b4d44456a3d5920a464355d41	JS Bugfix	2	15555	0	0	2	5	0	0	0	0	0	0	0	100	0	0	0	0	0	0	0	0	0
372b628d163e8c1fda55c61168e2251a3a4e6568	JS Bugfix	2	15555	0	0	1	6	0	0	0	0	0	0	0	100	0	0	0	0	0	0	0	0	0
3dbcf0c8161398b9dd811e52d21e03c45cb176de	JS Bugfix	2	15555	0	0	3	6	0	0	0	0	0	0	0	100	0	0	0	0	0	0	0	0	0
dbbc416095ae39541dc3f3de1ce24966a290ac61	JS Bugfix	14	17690	0	0	2	8	0	0	0	0	0	0	0	100	0	0	0	0	0	0	0	0	0
147ad6986478e2ea4b29a4d08bd12739033eff3e	JS Bugfix	14	17690	0	0	14	8	0	0	0	0	0	0	0	100	0	0	0	0	0	0	0	0	0
b5aba0e9792e152823b00986c55975243acd01c9	JS Bugfix	14	17690	0	0	1	10	0	0	0	0	0	0	0	100	0	0	0	0	0	0	0	0	0
55fad1ee928a7f06afca2ff2320464a06ccbd60b	JS Bugfix	14	17690	0	0	1	10	0	0	0	0	0	0	0	100	0	0	0	0	0	0	0	0	0
705307569f95e320659e650554a8eb0b98cc1bec	JS Bugfix	14	17690	0	0	2	10	0	0	0	0	0	0	0	100	0	0	0	0	0	0	0	0	0
d7fed2deb57fc397a39f8cf9769118db646ac4d1	JS Bugfix	14	17690	0	0	2	10	0	0	0	0	0	0	0	100	0	0	0	0	0	0	0	0	0
f06ded943397ec10b4c0330cb9ba3bbd33ea7121	JS Bugfix	14	17690	0	0	1	11	0	0	0	0	0	0	0	100	0	0	0	0	0	0	0	0	0
053cf49b92093e4a83d4011592d34bc91203f45a	JS Bugfix	14	17690	0	0	3	13	0	0	0	0	0	0	0	100	0	0	0	0	0	0	0	0	0
b12118cecc7f8a8ab55ece33ce81ce7ac3791cf3	JS Bugfix	14	17690	0	0	1	15	0	0	0	0	0	0	0	100	0	0	0	0	0	0	0	0	0
fb8db2c49ba749e3897d7448258ee2d91f767cea	JS Bugfix	14	17690	0	0	1	15	0	0	0	0	0	0	0	100	0	0	0	0	0	0	0	0	0
7dee2d8b92df627cd5c62b4f064bd39d9e47e12c	JS Bugfix	14	17690	0	0	2	15	0	0	0	0	0	0	0	100	0	0	0	0	0	0	0	0	0
172790cbce00b3b9100e7c07925953ebceba54ce	JS Bugfix	14	17690	0	0	1	18	0	0	0	0	0	0	0	100	0	0	0	0	0	0	0	0	0
843e8f78dfd8210ac7ac06c5529b8c895ba6a524	JS Bugfix	14	17690	0	0	1	18	0	0	0	0	0	0	0	100	0	0	0	0	0	0	0	0	0
57b8120ff0d490c23260988652f2af4108f6a4bc	JS Bugfix	14	17690	0	0	1	26	0	0	0	0	0	0	0	100	0	0	0	0	0	0	0	0	0
2a22eeae2be2e1c354cc63af0e1a93691be5682b	JS Bugfix	14	17690	0	0	1	26	0	0	0	0	0	0	0	100	0	0	0	0	0	0	0	0	0
f5a5df8022363984a288a79ee6f8ac740ace7b33	JS Bugfix	14	17690	0	0	3	17	0	0	0	0	0	0	11.76	88.23	0	0	0	0	0	0	0	0	0
f4a4c6779552497c5e8529d46d82ceedda263c3f	JS Bugfix	2	15555	0	0	2	8	0	0	0	0	0	0	12.5	87.5	0	0	0	0	0	0	0	0	0
25a69ec1b69cb7f380949ef9cf1c3599eaa4face	JS Bulk Commit	13	4419	0	0	211	1826	0	0	0	0	0	0	0	97.09	0	0	0	0	0	0	0	0	2.9
2240471f8e48247dcebd283d788c35c30dfbea2e	JS Bulk Commit	8	963	0	0	286	174800	7.48	0	0	0	0	0	0	78.2	0.08	0	0.05	0	0.99	0	9.03	0	0
e0b358045fba48a4da62268f64df79205d19cceb	JS Bulk Commit	13	4419	0	0	6	431	0	0	0	0	0	0	0	98.37	0.23	0	0	0	1.39	0	0	0	0
ac5f915198bf275622756df9656da0dac3407202	JS Bulk Commit	21	931	42	50	42	12163	0	0	0	0	0	0	1.11	88.34	0	0	0	0	1.07	0	0	0	0
1b41250e338428f3ac7c6c8202ccd2095680eda6	JS Bulk Commit	13	4419	0	0	68	1992	0	0	0	0	0	0	0	99.74	0	0	0	0	0.25	0	0	0	0
b1f7786aaf2e86e5db0b9fa5476156ffc73b32af	JS Bulk Commit	21	931	0	0	283	18038	0	0	0	0	0	0	0.06	99.21	0.67	0	0	0	0.03	0	0	0	0
261348f883d8e76b5be7155fae65061f049c1e01	JS Bulk Commit	1	1811	0	0	22	137	0	0	0	0	0	0	0.72	91.97	5.83	0	0	0	0	0	0	0	0
e2fbb262e28090e538a3e336eb27e9d378f1d3e0	JS Bulk Commit	1	1811	0	0	15	547	0	0	0	0	0	0	0	95.97	4.02	0	0	0	0	0	0	0	0
12b89d11d7c894a78f9ce18facae62de3bcff5c8	JS Bulk Commit	1	1811	0	0	14	7455	0	0	0	0	0	0	0	98.16	1.83	0	0	0	0	0	0	0	0
e464c950130390d36ffe23aebea83f358a89b7d2	JS Bulk Commit	13	4419	0	0	25	487	0	0	0	0	0	0	0	75.56	1.23	0	0	0	0	0	0	0	0
59ae5d497e8e0513ba7bceeb4635ae5583d1f7f7	JS Bulk Commit	13	4419	0	0	10	419	0	0	0	0	0	0	0	99.76	0.23	0	0	0	0	0	0	0	0
9748087b2feb6c2efe16b72d1b1b3abb1b155699	JS Bulk Commit	13	4419	0	11.11	36	503	0	0	0	0	0	0	0	94.23	0.19	0	0	0	0	0	0	0	0
46aae2b90de10415538e035f08d04c115603bbf5	JS Bulk Commit	13	4419	0	0	8	197	0	0	0	0	0	0	0	100	0	0	0	0	0	0	0	0	0
09414643943ac4bdcb158aa64a4ddd7af5b43714	JS Bulk Commit	13	4419	0	0	20	326	0	0	0	0	0	0	0	100	0	0	0	0	0	0	0	0	0
354b4faae65be2a825b01c9eb48a0ded17c4abbf	JS Bulk Commit	13	4419	0	0	9	394	0	0	0	0	0	0	0	100	0	0	0	0	0	0	0	0	0
2100d7c8dae2427c6ae6177fc781dda55741628f	JS Bulk Commit	13	4419	0	0	20	482	0	0	0	0	0	0	0	100	0	0	0	0	0	0	0	0	0
15088d7ebe606ce6510aee0a8315ed175f1770b0	JS Bulk Commit	13	4419	0	0	5	946	0	0	0	0	0	0	0	100	0	0	0	0	0	0	0	0	0
6490656cec67413d0dc527e2aa9ff419e7d6391c	JS Bulk Commit	13	4419	0	0	2	81579	0	0	0	0	0	0	0	99.99	0	0	0	0	0	0	0	0	0
3da41f634c3c5e6ef6f791d5715a62869c53d38a	JS Bulk Commit	13	4419	0	0	15	172	0	0	0	0	0	0	0	99.41	0	0	0	0	0	0	0	0	0
ba51bccd13fa8db68062f6c007d44ffbf642462d	JS Bulk Commit	13	4419	1	12.5	7	530	0	0	0	1.88	0	0	0	98.11	0	0	0	0	0	0	0	0	0
2b0c8a014a847187aec7b2098656b45e2fd59133	JS Bulk Commit	21	931	0	0	16	703	0	0	0	0	0	0	2.56	97.43	0	0	0	0	0	0	0	0	0
f4eab6e09a07e4330d8d06f6d77d34d8da7c20c2	JS Bulk Commit	11	4279	0	0	31	195	0	0	0	0	0	0	6.66	93.33	0	0	0	0	0	0	0	0	0
60de87da27d5d01ead66ed90916667309a2f8185	JS Bulk Commit	21	931	0	0	11	283	0	0	0	0	0	0	13.42	86.57	0	0	0	0	0	0	0	0	0
9bee8e0dbd409d6e78eae29e304a84fc5f28163f	JS Development	13	4419	0	0	7	169	0	0	0	0	0	0	0	97.63	0	0	0	0	2.36	0	0	0	0
35a296037a902241569594c0268d0f08e6762dc5	JS Development	1	1811	0	0	13	259	0	0	0	0	0	0	0	54.05	45.94	0	0	0	0	0	0	0	0
c6c3b28d7b6f6276afa1c11689b778ec87e7eaad	JS Development	1	1811	0	0	4	159	0	0	0	0	0	0	0	61.63	38.36	0	0	0	0	0	0	0	0
04285c9498859edca86f2f70f7bddda204ecee9d	JS Development	2	15555	0	0	2	3	0	0	0	0	0	0	0	66.66	33.33	0	0	0	0	0	0	0	0
9813996002f92170ccbcb608183c28c90bd94a53	JS Development	1	1811	0	0	4	109	0	0	0	0	0	0	0	78.89	18.34	0	0	0	0	0	0	0	0
1e456f232ac272bd5b9092c23713679a75ad230f	JS Development	11	4279	0	0	7	40	0	0	0	0	0	0	10	77.5	12.5	0	0	0	0	0	0	0	0
f44a97ec9217c5ca88d7e876f0d16730282b8803	JS Development	29	12939	0	0	10	28	0	0	0	0	0	0	0	85.71	7.14	0	0	0	0	0	0	0	0
67e1ee41c91558b9c3c8ac95ef52336b25f15b5e	JS Development	29	12939	0	0	3	31	0	0	0	0	0	0	0	93.54	6.45	0	0	0	0	0	0	0	0
c8f380fd67ac88ee9f5e2926d44d7a2ea1d82677	JS Development	29	12939	0	0	3	32	0	0	0	0	0	0	0	93.75	6.25	0	0	0	0	0	0	0	0
0d076cf5cb6b34982663b108226ea8ad87925a8c	JS Development	29	12939	0	0	4	70	0	0	0	0	0	0	0	95.71	4.28	0	0	0	0	0	0	0	0
07bd6f72ca5b76da9240979d2ac10368b55ca40c	JS Development	13	4419	0	0	6	156	0	0	0	0	0	0	0	99.35	0.64	0	0	0	0	0	0	0	0
10331e99a3eeb2a30ae138ce207e1fce7f860f3a	JS Development	14	17690	0	0	2	28	0	0	0	0	0	0	0	100	0	0	0	0	0	0	0	0	0
bc0a1056e58a41fa7b01dce73297875d87e3a78a	JS Development	14	17690	0	0	3	30	0	0	0	0	0	0	0	100	0	0	0	0	0	0	0	0	0
db25da78af608c2e87a92411bf4340937daa0d59	JS Development	29	12939	0	0	4	33	0	0	0	0	0	0	0	100	0	0	0	0	0	0	0	0	0
79f9605c90f4c8b01c56536528e5b1c9930e06cb	JS Development	29	12939	0	0	1	35	0	0	0	0	0	0	0	100	0	0	0	0	0	0	0	0	0
a002ce79c751c0179911c0b48b98cecfd61c7a17	JS Development	29	12939	1	50	1	35	0	0	0	0	0	0	0	100	0	0	0	0	0	0	0	0	0
33c161f874cb067c6a4afcb0796878df92869644	JS Development	29	12939	0	0	2	36	0	0	0	0	0	0	0	100	0	0	0	0	0	0	0	0	0
208edbbcae2cfd30a59f006f5f75c67762cbda13	JS Development	29	12939	0	0	2	36	0	0	0	0	0	0	0	100	0	0	0	0	0	0	0	0	0
b4e816391bf6d08532b13961f7d5c4088192e5b4	JS Development	29	12939	0	0	14	39	0	0	0	0	0	0	0	100	0	0	0	0	0	0	0	0	0
296479cb8a7ef618230f6337ab7fba58b14b631d	JS Development	29	12939	0	0	6	40	0	0	0	0	0	0	0	100	0	0	0	0	0	0	0	0	0
2d08d2145d1fd5664e62e82473efef33559ce498	JS Development	29	12939	0	0	3	42	0	0	0	0	0	0	0	100	0	0	0	0	0	0	0	0	0
5fc6cbdfb3f9d0c4628765aea176210ba6232956	JS Development	29	12939	0	0	3	42	0	0	0	0	0	0	0	100	0	0	0	0	0	0	0	0	0
be4b9a4133ccdd6d1d5b34cfe83afaf9a37105c6	JS Development	29	12939	0	0	3	54	0	0	0	0	0	0	0	100	0	0	0	0	0	0	0	0	0
d91460b79d29ab1b8b8bc6bfc69f0eba1e310c0f	JS Development	29	12939	0	0	1	65	0	0	0	0	0	0	0	100	0	0	0	0	0	0	0	0	0
11cbe81ed09388e69a56688902533be2dc8c98c0	JS Development	29	12939	0	0	7	83	0	0	0	0	0	0	0	100	0	0	0	0	0	0	0	0	0
a9e636eab7fb68a5532966de569c93c6c882788c	JS Development	29	12939	0	0	7	89	0	0	0	0	0	0	0	100	0	0	0	0	0	0	0	0	0
6d7861e1028ab67b260beafae883c13d962b903c	JS Development	29	12939	0	0	1	90	0	0	0	0	0	0	0	100	0	0	0	0	0	0	0	0	0
33824b82e1e4a89cea767bcc68eb2eda2600e103	JS Development	13	4419	0	0	5	186	0	0	0	0	0	0	0	100	0	0	0	0	0	0	0	0	0
7865be0abe6621ebdc47669f126e1ec1d3c4b25f	JS Development	13	4419	0	0	5	226	0	0	0	0	0	0	0	100	0	0	0	0	0	0	0	0	0
3e9bb356a4814877c7d10c6d56b2a64ef8e56fdc	JS Development	13	4419	0	0	7	194	0	0	0	0	0	0	1.03	98.96	0	0	0	0	0	0	0	0	0
a650ae195e4f42e00961869c48b328afc10b8dc8	JS Development	29	12939	0	0	3	36	0	0	0	0	0	0	0	97.22	0	0	0	0	0	0	0	0	0
fe7a1bb242056a3b1001aa90c4bc060b306b8039	JS Development	11	4279	0	0	6	74	0	0	0	0	0	0	5.4	91.89	0	0	0	0	0	0	0	0	0
f33b3bb023b3d39f2b5a6196f161bdbaa606e380	JS Development	11	4279	0	0	5	38	0	0	0	0	0	0	10.52	89.47	0	0	0	0	0	0	0	0	0
9ce1358fe12a209dedbd8cf6ea58d526c257ed42	JS Development	11	4279	0	0	9	103	0	0	0	0	0	0	11.65	88.34	0	0	0	0	0	0	0	0	0
dcd181fc2a1e5a0620bf6b9f4659922eea790789	JS Development	11	4279	0	0	5	71	0	0	0	0	0	0	12.67	87.32	0	0	0	0	0	0	0	0	0
af01fc38d58dc8833d01647dec4b75226725501a	JSON Bugfix	16	95093	0	0	1	1	0	0	0	0	0	0	0	0	100	0	0	0	0	0	0	0	0
b516743a59e24cc74c2b7cc7159d155e41391953	JSON Bugfix	5	5220	0	0	2	6	0	0	0	0	0	0	0	0	100	0	0	0	0	0	0	0	0
83f8d758bf5280552ec1742435cb0018a9176620	JSON Bugfix	5	5220	0	0	7	7	0	0	0	0	0	0	0	0	100	0	0	0	0	0	0	0	0
1c60322c53cbd91c8d13195091b2526bd2f90c12	JSON Bugfix	5	5220	0	0	2	8	0	0	0	0	0	0	0	0	100	0	0	0	0	0	0	0	0
9e5e5f9cc732c3e812431a85650c34fa513b3ffb	JSON Bugfix	5	5220	0	0	2	8	0	0	0	0	0	0	0	0	100	0	0	0	0	0	0	0	0
f175c77e5d28c55e729630f88e7d2a6baa2f0405	JSON Bugfix	5	5220	0	0	9	9	0	0	0	0	0	0	0	0	100	0	0	0	0	0	0	0	0
e72988226edeeabb867c51bafb41a7c13b919e8d	JSON Bugfix	5	5220	0	0	1	11	0	0	0	0	0	0	0	0	100	0	0	0	0	0	0	0	0
7fedcbe06df0cbb862565d963cac19c4c1122ead	JSON Bugfix	5	5220	0	0	7	13	0	0	0	0	0	0	0	0	100	0	0	0	0	0	0	0	0
d44a7e9e39da96dd8de111bbfe78523bdcb5ec64	JSON Bugfix	5	5220	0	0	1	34	0	0	0	0	0	0	0	0	100	0	0	0	0	0	0	0	0
164f0fe90a25764a958be8e5b449b5acb43cf61b	JSON Bugfix	5	5220	0	0	3	21	0	0	0	0	0	0	0	14.28	85.71	0	0	0	0	0	0	0	0
e4032f0c98c1affd0f69d61692e981ff89971ae8	JSON Bugfix	5	5220	0	0	3	7	0	0	0	0	0	0	14.28	0	85.71	0	0	0	0	0	0	0	0
631210a1b0a9120700b07f3395dc3a3255027dcf	JSON Bulk Commit	1	1811	0	0	58	204	0	0	0	0	0	0	0	15.68	83.33	0	0	0	0.98	0	0	0	0
073b77e7d65c627a9d287faa094bc4ed3c233126	JSON Bulk Commit	35	2265	0	0	10	297	0	0	0	0	0	0	0	0	100	0	0	0	0	0	0	0	0
23ebb8db179f9423d20480b0dba1bb9ee92511a3	JSON Bulk Commit	35	2265	0	0	2	860	0	0	0	0	0	0	0	0	100	0	0	0	0	0	0	0	0
762fe9809ea010d8b376cb1e3009a2cd9a3d561d	JSON Bulk Commit	35	2265	0	0	2	2008	0	0	0	0	0	0	0	0	100	0	0	0	0	0	0	0	0
336734bb776798c3786bf0939e09858a6678c9e5	JSON Bulk Commit	35	2265	0	0	3	1207	0	0	0	0	0	0	0	0.08	99.91	0	0	0	0	0	0	0	0
32befdc1e6cf38f141ece25d6e4a889521ff233d	JSON Bulk Commit	35	2265	0	0	4	911	0	0	0	0	0	0	0	3.29	96.7	0	0	0	0	0	0	0	0
3e88362dff2ad0b5c190361995a26b7f5bb3b346	JSON Bulk Commit	35	2265	0	0	4	431	0	3.48	0	0	0	0	0	0	96.51	0	0	0	0	0	0	0	0
7dc3d777fed4887d9eb3d843f0ad6b5c5508ad9e	JSON Bulk Commit	1	1811	0	0	5	463	0	0	0	0	0	0	0	4.53	95.46	0	0	0	0	0	0	0	0
82e24723aa19274bbf0f00d6e47508d42881be84	JSON Bulk Commit	35	2265	0	0	8	788	0	0	0	0	0	0	0	0.88	95.05	0	0	0	0	0	0	0	0
7df2aaf6d4f8bb2cf0a0f77c1eb2365d566a1aef	JSON Bulk Commit	1	1811	0	0	5	549	0	0	0	0	0	0	0	6.37	93.62	0	0	0	0	0	0	0	0
e9f3e85cb104c1eb0f8a00e5359e49f2b1485dfa	JSON Bulk Commit	1	1811	0	0	11	273	0	0	0	0	0	0	0	14.28	85.71	0	0	0	0	0	0	0	0
41094168fb6592049a0839ac51db629f06dcaea2	JSON Bulk Commit	1	1811	0	0	23	804	0	0	0	0	0	0	0	17.66	82.33	0	0	0	0	0	0	0	0
dffc922fd8125769013600ffa8b86d5fe6e30445	JSON Development	35	2265	0	0	4	167	0	0	0	0	0	0	0	0	87.42	0	0	0	12.57	0	0	0	0
fe47d6773c8845aa7bbb8aa10e5112663b772f0e	JSON Development	5	5220	0	0	22	46	0	0	0	0	0	0	0	0	93.47	0	0	0	6.52	0	0	0	0
4d815ef726f434e05af4263877133d3573864af7	JSON Development	5	5220	0	0	11	27	0	0	0	0	0	0	0	0	100	0	0	0	0	0	0	0	0
deb78a63d639fcde9e43489530c271a54818f70c	JSON Development	5	5220	0	0	11	27	0	0	0	0	0	0	0	0	100	0	0	0	0	0	0	0	0
0822d4d8c6125a498fd34f32d4180fe8451a4750	JSON Development	5	5220	0	0	10	33	0	0	0	0	0	0	0	0	100	0	0	0	0	0	0	0	0
4a675fe117caac1e21c156ba9d9de0a6154e6177	JSON Development	5	5220	0	0	1	52	0	0	0	0	0	0	0	0	100	0	0	0	0	0	0	0	0
3fc5c91d2ef8c977b1dec44122edaec5935c97f2	JSON Development	35	2265	0	0	3	154	0	0	0	0	0	0	0	0	100	0	0	0	0	0	0	0	0
55bf06695629b101e9a8805740b12425a5adb9d4	JSON Development	35	2265	0	0	2	256	0	0	0	0	0	0	0	0	100	0	0	0	0	0	0	0	0
bf0a75db0b19d9fb7ee98b21952349bcc8533dd3	JSON Development	35	2265	0	0	2	262	0	0	0	0	0	0	0	0	100	0	0	0	0	0	0	0	0
1554d4b71e64fd1d0e109a9d54760c71f834c041	JSON Development	35	2265	0	0	1	374	0	0	0	0	0	0	0	0	100	0	0	0	0	0	0	0	0
d547547fa3bf8a402b2e04014be5b193a57c044a	JSON Development	35	2265	0	0	2	437	0	0	0	0	0	0	0	0	100	0	0	0	0	0	0	0	0
c0958f11f2478bd1f1a8f4722b421dc72a2b9ca0	JSON Development	5	5220	20	0	21	53	0	0	0	0	0	0	0	0	98.11	0	0	0	0	0	0	0	0
545be244297bd6223f3191e5158e3b26f8ebc5b6	JSON Development	1	1811	0	0	3	332	0	0	0	0	0	0	0	11.44	88.55	0	0	0	0	0	0	0	0
e31db70781ca9849edbfbf1691f49013f36cfcf7	JSON Mass Commit	8	963	0	0	15	11085	0	0	0.09	0	0	0	0	0.05	98.79	0	0	0	0.02	0	0	0	0.6
beb88333f57716c8b11f64bf6cce269e0c0c2828	JSON Mass Commit	8	963	0	0	10	1856	0	0	0	0	0	0	0	1.18	98.38	0	0	0	0.37	0	0	0	0
671ecfca8a018b139e5c4211bdde64b666b42593	JSON Mass Commit	8	963	1	0	22	60697	0	0	0	0	0	0	0.06	0.48	99.08	0	0	0	0.07	0	0	0	0
34c2d2c1620999fb065106f0738cedc0ed72c03f	JSON Mass Commit	8	963	0	0	29	21853	0	0	0	0	0	0	0	0	96.26	0	1.67	0	0	0	0	0	0
ff0ed128bace3f5c070eeefb5c8cb643171ddcd9	JSON Mass Commit	35	2265	0	0	2	3720	0	0	0	0	0	0	0	0	100	0	0	0	0	0	0	0	0
6068aeda1c20b51a653fb768fa88099315eb21d4	JSON Mass Commit	8	963	0	0	4	63128	0	0	0	0	0	0	0	0.01	99.98	0	0	0	0	0	0	0	0
415b815fa9249c3feb7d3f6d8a6f04099006a52d	JSON Mass Commit	8	963	0	0	6	14638	0	0	0	0	0	0	0	0.02	99.97	0	0	0	0	0	0	0	0
11b7146812e058c16ec64369aeec064adc6d214c	JSON Mass Commit	8	963	0	0	12	42627	0	0	0	0	0	0	0	0.11	99.88	0	0	0	0	0	0	0	0
487bcad8b4f9f8a1b7850cc0d7dc39c189d526ee	JSON Mass Commit	8	963	0	0	7	27511	0	0	0	0	0	0	0	0.12	99.87	0	0	0	0	0	0	0	0
5432019e1ddd666c39cd24c7765537e13290e96e	JSON Mass Commit	35	2265	0	0	4	7891	0	0	0	0	0	0	0	0	99.55	0	0	0	0	0	0	0	0
8c6184848f3e88d8fde423f8e5517cbd889619b5	JSON Mass Commit	8	963	0	0	7	2957	0	0	0	0	0	0	0	0.54	99.45	0	0	0	0	0	0	0	0
265938aa3dd7c530c9852dd6370709cd329e8459	JSON Mass Commit	8	963	0	0	14	6796	0	0	0	0	0	0	0	0.63	99.36	0	0	0	0	0	0	0	0
7cffb8be4151f9436e98e34de30f23583f6a8f29	JSON Mass Commit	35	2265	0	0	6	2959	0	0	0	0	0	0	0	0	99.32	0	0	0	0	0	0	0	0
2798f5af22cbb558cb7ef29fc5ec14b2cb7cb56f	JSON Mass Commit	8	963	0	0	3	4802	0	0	0	0	0	0	0	0.97	99.02	0	0	0	0	0	0	0	0
61f1ea192cd5060c37ff876972058b7d4c41303b	JSON Mass Commit	8	963	0	0	8	4497	0	0	0	0	0	0	0	1.22	98.77	0	0	0	0	0	0	0	0
f951910dc2a003b7f08a257ab1a4d485d8212ff6	JSON Mass Commit	8	963	0	0	443	27999	0	0	0	0	0	0	0.11	4.65	95.22	0	0	0	0	0	0	0	0
56f5b8697da6adbb2e8ac5e677138287708acffd	JSON Mass Commit	8	963	0	0	12	3992	0	0	0	0	0	0	0	4.05	94.76	0	0	0	0	0	0	0	0
f5bc6f0b19818accbc93eeed61e2931ab4d4db95	JSON Mass Commit	8	963	1	0	19	8314	0	0	0	0	0	0	0	9.03	90.83	0	0	0	0	0	0	0	0
d061b8c00470267ee22d5eaf37512566b17aec19	JSON Mass Commit	8	963	0	0	46	26782	0	0	0	0	0	0	0	0.02	83.88	0	0	0	0	0	0	0	0
2de58dbfbf669a8ea141a760c41029698cff97cf	JSON Mass Commit	8	963	0	0	31	10142	0	0	0	0	0	0	0	16.15	83.84	0	0	0	0	0	0	0	0
857a1be9b8c048bd954ad978496c342853b64b3f	Localization	28	2730	0	0	2	26	0	0	0	0	0	0	0	0	0	0	0	100	0	0	0	0	0
53a98828dd4b48848e5b8972dd044f5590706b6e	Localization	28	2730	0	0	1	33	0	0	0	0	0	0	0	0	0	0	0	100	0	0	0	0	0
fb594d09ef866194fe42e1bb2884ab878879b2ff	Localization	28	2730	0	0	1	34	0	0	0	0	0	0	0	0	0	0	0	100	0	0	0	0	0
c19e9ec07c38fd9ef13dd5c7bac580306fbd323b	Localization	28	2730	0	0	1	34	0	0	0	0	0	0	0	0	0	0	0	100	0	0	0	0	0
7b1e485d9c33434522de4b37075cec89a0df4094	Localization	28	2730	0	0	1	41	0	0	0	0	0	0	0	0	0	0	0	100	0	0	0	0	0
59952926b20b4fc875eba7c0406876139d4cc6a5	Localization	28	2730	0	0	1	41	0	0	0	0	0	0	0	0	0	0	0	100	0	0	0	0	0
42b6ef8e37ce32a327d25e5d64ef1c2a341a2e73	Localization	28	2730	0	0	1	43	0	0	0	0	0	0	0	0	0	0	0	100	0	0	0	0	0
50a44450d3ab9f8d5ff21c6d32805b3529478fd4	Localization	28	2730	0	0	1	57	0	0	0	0	0	0	0	0	0	0	0	100	0	0	0	0	0
f0d150f316b7a2a93b83f67f4f03ac21cd4ab7f9	Localization	28	2730	0	0	1	72	0	0	0	0	0	0	0	0	0	0	0	100	0	0	0	0	0
4a83c192822815fdbda02406c276628e85b8f777	Localization	28	2730	0	0	1	76	0	0	0	0	0	0	0	0	0	0	0	100	0	0	0	0	0
e1e160912d105b6e288a495c70ae79029651ba4d	Localization	28	2730	0	0	1	76	0	0	0	0	0	0	0	0	0	0	0	100	0	0	0	0	0
3522e88fa574596a14a90525d0ceee0773372885	Localization	28	2730	0	0	2	78	0	0	0	0	0	0	0	0	0	0	0	100	0	0	0	0	0
ab116aeecad49e65592c4ec2bfac7585f7e43a65	Localization	28	2730	0	0	1	81	0	0	0	0	0	0	0	0	0	0	0	100	0	0	0	0	0
410c9ec7f3d74d6bbdedab6c1f09f8d48aa41669	Localization	28	2730	0	0	1	97	0	0	0	0	0	0	0	0	0	0	0	100	0	0	0	0	0
d7e456e4d56b15f262a7bade89bc90036590fc93	Localization	28	2730	0	0	1	116	0	0	0	0	0	0	0	0	0	0	0	100	0	0	0	0	0
f16320add5bfd4e29f71291e13a701d837bcfb73	Localization	28	2730	0	0	1	122	0	0	0	0	0	0	0	0	0	0	0	100	0	0	0	0	0
8fdcaaa3b1a6c6700cfbff19c75c98e2d0576552	Localization	28	2730	0	0	2	133	0	0	0	0	0	0	0	0	0	0	0	100	0	0	0	0	0
847e3e560eea0c00003e83120f597e7734b6331d	Localization Bugfix	0	57429	0	0	1	7	0	0	0	0	0	0	0	0	0	0	0	100	0	0	0	0	0
df5e386e5ad7f8bb1537dbac961e219afb8429e8	Localization Bugfix	28	2730	0	0	1	8	0	0	0	0	0	0	0	0	0	0	0	100	0	0	0	0	0
3207b50a006ee538b7ed723c7a7c7a827ee14a74	Localization Bulk Commit	19	754	0	0	1	1448	0	0	0	0	0	0	0	0	0	0	0	100	0	0	0	0	0
e33426c146009a68762afbf793f52c34bcc68819	Localization Bulk Commit	19	754	0	0	1	1485	0	0	0	0	0	0	0	0	0	0	0	100	0	0	0	0	0
e4fe61ab7cda48d5fe5e4a8e4d5cd532aac41a64	Localization Bulk Commit	19	754	0	0	2	1640	0	0	0	0	0	0	0	0	0	0	0	100	0	0	0	0	0
276a3329a29a101791c45ca2dfa3334fe7baff62	Localization Bulk Commit	19	754	0	0	1	1766	0	0	0	0	0	0	0	0	0	0	0	100	0	0	0	0	0
8112ed10669c9286c6d6d47f7581a85a0a352326	Localization Bulk Commit	19	754	0	0	2	2675	0	0	0	0	0	0	0	0	0	0	0	100	0	0	0	0	0
c38efb14311a3ea4726dc84c83bbceff1018f0e3	Localization Bulk Commit	19	754	0	0	2	3645	0	0	0	0	0	0	0	0	0	0	0	100	0	0	0	0	0
775b71f598c3eef6780897f0e9573a6700e5ad61	Localization Bulk Commit	19	754	0	0	1	4996	0	0	0	0	0	0	0	0	0	0	0	100	0	0	0	0	0
8b48171ea5da8b05abf3a6e74d9126ebfecd790a	Localization Bulk Commit	19	754	0	0	2	5258	0	0	0	0	0	0	0	0	0	0	0	100	0	0	0	0	0
04ba5dbe55cbc2a64d5dbffe35e0cf8441612005	Localization Bulk Commit	19	754	0	0	2	7221	0	0	0	0	0	0	0	0	0	0	0	100	0	0	0	0	0
10dae7f228398348529d2ddbb5dd08d0d57eba81	Localization Bulk Commit	19	754	0	0	2	8589	0	0	0	0	0	0	0	0	0	0	0	100	0	0	0	0	0
b8ed301f76808a6c98a613f072165ead78acc1ef	Localization Bulk Commit	19	754	0	0	2	9765	0	0	0	0	0	0	0	0	0	0	0	100	0	0	0	0	0
3af59a0846306fcfc0c6eeaeb045893cb4d10afb	Localization Bulk Commit	19	754	0	0	1	10708	0	0	0	0	0	0	0	0	0	0	0	100	0	0	0	0	0
404bf80dd0a5cf50a8d44f0c97754e908aae0895	Localization Bulk Commit	19	754	0	0	29	13092	0	0	0	0	0	0	0	0	0	0	0	100	0	0	0	0	0
3f1b4f087d7e7aa7d1a77a373a2d7d8b7ba5c078	Localization Bulk Commit	19	754	0	0	2	960	0	0	0	0	0	0	0	0	0	0	0	99.68	0	0	0	0	0
fa37742363548c14b21aaa2d776c1a3b303807f2	Localization Bulk Commit	19	754	189	0	194	49575	0	0	0	0	0	0	0	0	0	0	0	99.08	0	0	0	0	0
52909c7e1ce17b6609b074d0aeccb46ba3090caa	Localization Bulk Commit	19	754	181	0	188	9336	0	0	0	0	0	0	0	0	0	0	0	98.91	0	0	0	0	0
6e976a192057436204d8ac3a3fdc3469efbbf0ed	Localization Bulk Commit	19	754	12	0	13	14733	0	0	0	0	0	0	0	0	0	0	0	98.13	0	0	0	0	0
959ed243dc0b557ee7ebc903594bae00d1264d4d	Localization Bulk Commit	19	754	16	0	17	7544	0	0	0	0	0	0	0	0	0	0	0	96.6	0	0	0	0	0
995840e5cd194dd1b9a388afc7e19d7c2b78e6af	Localization Bulk Commit	19	754	13	0	14	6447	0	0	0	0	0	0	0	0	0	0	0	95.36	0	0	0	0	0
1be93c8dd5532a56452179dfb52e8ce69d99a8e7	Localization Bulk Commit	28	2730	0	0	78	78	0	0	0	0	0	0	0	0	0	0	0	94.87	0	0	0	0	0
e35edb23ca02b81eed25619d804c1df3c9d85540	Lock	25	2719	0	0	16	386	0	0	0	0	0	0	0	10.36	1.29	0	84.45	0	3.1	0	0	0	0
221a437bce0a4e1ccecc293796a7051294d3e496	Lock	20	1864	0	0	1	44	0	0	0	0	0	0	0	0	0	0	100	0	0	0	0	0	0
0cc658dbbd3580669a44f03c1cffdd5224db8fc4	Lock	20	1864	0	0	1	48	0	0	0	0	0	0	0	0	0	0	100	0	0	0	0	0	0
b46c32052c3fa701d3071157e01e5eff91c4efcf	Lock	20	1864	0	0	5	177	0	0	0	0	0	0	0	0	0	0	100	0	0	0	0	0	0
9cf343476be26854aae1b77e324e2e43c3d93c1f	Lock	20	1864	0	0	1	2416	0	0	0	0	0	0	0	0	0	0	100	0	0	0	0	0	0
08030e715f30d3bff7925937023b59a24d3c136f	Lock	20	1864	0	0	2	2419	0	0	0	0	0	0	0	0	0	0	100	0	0	0	0	0	0
be6c39c39c792328845c0e415b62c83080503ccb	Lock	20	1864	0	0	2	264	0	0	0	0	0	0	0	0	1.89	0	98.1	0	0	0	0	0	0
8a19c803b6192b39c23e5dce3b652bb05587808c	Lock	20	1864	0	0	2	94	0	0	0	0	0	0	0	0	2.12	0	97.87	0	0	0	0	0	0
8b7e6e21de1daa3a9ca131c1f0b124d8957b4ea3	Lock	20	1864	0	0	2	43	0	0	0	0	0	0	0	0	2.32	0	97.67	0	0	0	0	0	0
09d7f5f8f7581f7ab87dcf3db7356c8280c933f5	Lock	20	1864	0	0	3	65	0	0	0	0	0	0	0	1.53	1.53	0	96.92	0	0	0	0	0	0
b1df469fc85cb6b9a7e5e7d7dc4bbe14df18fe00	Lock	20	1864	0	0	2	441	0	0	0	0	0	0	0	0	4.08	0	95.91	0	0	0	0	0	0
fd21b1a8911b9073a29da6e74ba4aa00d44c32ef	Lock	20	1864	0	0	2	494	0	0	0	0	0	0	0	0	4.65	0	95.34	0	0	0	0	0	0
495b1255f08b765dbce98f4beb61424b6f11abe9	Lock	20	1864	0	0	9	3389	0	0	0	0	0	0	0	1.62	0.32	0	95.21	0	0	0	0	0	0
cf15b1120f5d2dc39d0aab7ba28e4124a9d61792	Lock	20	1864	0	0	42	387	0	0	0	0	0	0	0	0	0	0	94.05	0	0	0	0	0	0
0d563e78450d5c21bbb69f8aaaadbec5b7b3a3e9	Lock	20	1864	0	0	2	180	0	0	0	0	0	0	0	0	6.11	0	93.88	0	0	0	0	0	0
48d1c2647e03003727513013ba7af579ddceab9f	Lock	20	1864	0	0	2	100	0	0	0	0	0	0	0	0	7	0	93	0	0	0	0	0	0
1e731ed7cee67701cfc3ad94c6f56dbbe718dc2e	Lock	20	1864	0	0	3	23	0	0	0	0	0	0	0	0	8.69	0	91.3	0	0	0	0	0	0
e0c04e393c47676f7864c0360723f0efe6b757ff	Lock	25	2719	0	0	13	215	0	0	0	0	0	0	0	4.65	5.11	0	89.76	0	0	0	0	0	0
97e53a2be4ad06808b08df615c61327b6559b97b	Lock	20	1864	0	0	15	1061	0	0	0	0	0	0	0	0	0	0	85.39	0	0	0	0	0	0
58a1196c52d79f83e36ee9f58745ef7c33b1441c	Lock	0	57429	0	0	2	6	0	0	0	0	0	0	0	0	16.66	0	83.33	0	0	0	0	0	0
4c588c7e69ad8ca2d6644940a6bb57e6d6bd641a	Lock	20	1864	0	0	4	28	0	0	0	0	0	0	0	0	14.28	0	82.14	0	0	0	0	0	0
0d521d6d529c6e203d927bd983de7280fb9743b1	Other	23	5329	0	0	4	17	0	0	0	0	0	0	0	0	0	0	0	0	0	0	0	0	47.05
05a2402ddce7f5faf0672a82bf1dbd9aa92938d7	Other	23	5329	0	0	7	271	0	0	0	0	0	0	0	0	0	0	0	0	0	0	0	0	29.88
24373e6bbcefb1753268926cdf1c1d60cbfbee17	Other	34	23350	0	0	5	135	0	0	0	0	0	0	0	0	0	0	0	0	0	0	0	0	3.7
1e5548915fc24f1bbd095e845f0940c22992b09c	Other	24	586	0	0	24	893	0	0	5.82	29.22	0	0	0	0	2.68	0	0	0	5.93	0	0	0.11	2.12
f0642595e7a184507d95b44ac14ec4526f139f47	Other	24	586	0	0	20	971	0	0	0.41	15.24	0	0	0	0	1.54	0	0	0	3.29	0	0	0	1.95
8945a4267588ec2608bec7be6745f6beff0373da	Other	34	23350	0	0	11	174	0	0	0	0	0	0	0	0	0	0	0	0	0	0	0	0	0.57
e168b845a482468aad0d548140111e2d20a56177	Other	36	8258	0	0	3	10	0	0	0	0	0	0	0	0	0	0	0	0	0	0	0	20	0
3fce15540ce2ceb5bd4eb61b89955505cfac2fee	Other	26	2980	0	0	3	44	0	0	0	0	0	0	0	0	0	0	0	0	0	0	0	18.18	0
3fce15540ce2ceb5bd4eb61b89955505cfac2fee	Other	26	2980	0	0	3	44	0	0	0	0	0	0	0	0	0	0	0	0	0	0	0	18.18	0
f73385adc573ce77dcc49986582966db3c6eda77	Other	26	2980	0	0	4	56	0	0	0	0	0	0	0	0	0	0	0	0	0	0	0	16.07	0
d4375f2985a3e5f3e503960b925b4f0e3a307171	Other	26	2980	0	0	7	1724	0	0	0	0	0	0	0	0	0	0	0	0	0	0	0	14.61	0
4cbbcc648436ac21aed296206ace61da96aa7614	Other	26	2980	0	0	4	44	0	0	0	0	0	0	0	0	0	0	0	0	0	0	0	13.63	0
3da7b1fe665a34dab6510dad5d68d57a9ca4879a	Other	0	57429	0	0	2	8	0	0	0	0	0	0	0	0	0	0	0	0	0	0	0	12.5	0
9ac01a7ab02727f69c70401cc4bb8432fe70b83f	Other	26	2980	0	0	9	536	0	0	0	0	0	0	0	0	0	0	0	0	0	0	0	9.14	0
2f4cd4b0b58b1151f2f6a123267f7e07e3b779b8	Other	26	2980	0	0	5	82	0	0	0	0	0	0	0	0	0	0	0	0	0	0	0	8.53	0
f63d1e3abb3a05027f44eb97c4493bc66fe3d9e1	Other	26	2980	0	0	8	136	0	0	0	0	0	0	0	0	0	0	0	0	0	0	0	4.41	0
4dd57d63e23e4628d8b7f41cdefdf64f7fefcf74	Other	4	6984	0	0	11	175	0	0	0	0	10.85	0	0	0	0	0	0	0	0	0	0	2.85	0
de69977816483119a8025b25c7f078ea28cc3b68	Other	12	43434	0	0	4	40	0	0	0	0	0	0	0	0	0	0	0	0	0	0	0	2.5	0
a8723a4bd0b15ff2e02daad11a0d64c292b7ef3b	Other	24	586	0	0	10	1095	0	0	0	45.93	0	0	1.73	0	0	0	0	0	0	0	0	2.19	0
e244bdd0547846d9a53997bc723df9d900c37393	Other	4	6984	0	0	11	315	0	0	0	0	0	0	0	0	0	0	0	0	0	0	0	1.58	0
c3aa72ec176af16e12d21636c8ca92ab9ab3e722	Other	4	6984	0	0	14	234	0	0	0	0	0	0	0	0	0	0	0	0	0	0	0	0.42	0
4f9c6e6e80ec0cb2113abd1421d6911bde842713	Other	38	2773	0	0	11	280	0	0	0	0	0	0	5.71	0	0	0	0	0	0	0	0	0.35	0
76cd70ac42cbbe6a51d83bd100f500ac4c21f26b	Other	4	6984	0	0	15	866	0	0	0	0	0	0	0	0	0	0	0	0	0	0	0	0.11	0
e441654b301fc0e5418346bf87435c09d2859074	Other	33	1276	1	0	20	91	0	0	0	0	0	0	0	0	0	0	0	0	0	0	23.07	0	0
a999fd1babf85b5780ec79106c1ec57ff797c490	Other	15	469	1	0.72	137	18972	0	0	0	0	0	0	38.69	0	3.75	0	0	0	0	0.01	0	0	0
e93e815bc4754b4e2066fed621d5c58592880ec0	Other	39	11013	0	0	4	17	0	0	0	0	0	0	0	0	0	0	5.88	0	11.76	0	0	0	0
7d37f5f292bd35d8cd2822670b768601a69b8b2b	Other	7	5724	0	0	7	66	0	0	0	0	0	0	0	0	0	0	0	0	9.09	0	0	0	0
a54fdc495f54bd16c329ca3f79d533d540cb9a3e	Other	31	6291	0	0	4	22	0	22.72	0	0	0	0	0	0	0	0	0	0	4.54	0	0	0	0
e4339b0526c0707e6aa440ee33789b4e3fb70366	Other	32	2108	0	0	12	121	4.95	34.71	0	0	0	0	0	0	0	0	0	0	2.47	0	0	0	0
f15eec00dfae58e03659584664e67f731553debf	Other	38	2773	0	0	9	202	0	0	0	0	0	0	39.1	0	0	0	0	0	1.48	0	0	0	0
316be7206fa5256443e422cde0de59944fe4d9e7	Other	6	2095	0	0	11	202	0	9.4	0	0	0	0	0	0	0	0	0	0	0.49	0	0	0	0
2d7299c85254daa4108a067ef1956c5089736f17	Other	21	931	5	22.72	17	1033	0	0	0	0	0	0	1.06	40.56	0.48	0	0	0	0.48	0	0	0	0
121fd40f746d62d59e9600a644c619c7219e0e26	Other	32	2108	0	0	40	232	7.32	27.58	0	0	0	0	0	0	0	0	0	0	0.43	0	0	0	0
5efdab6055bc99638e4e1388bef685b19682025d	Other	28	2730	0	0	13	459	0	0	0	0	0	0	0	0	0	0	0	36.6	0	0	0	0	0
e94f58ac026507f6c43f592d34080d7fc2d90945	Other	20	1864	0	0	11	109	0	0	0	0	0	0	0	0	0	0	34.86	0	0	0	0	0	0
beabc51c206da9ec9fb28edcb9d554b97099b432	Other	35	2265	0	0	40	261	0	9.19	0	0	0	0	0	0	39.84	0	0	0	0	0	0	0	0
96c8123b6bfba91df121ffeb0ede83cadb2d7e84	Other	4	6984	0	0	135	200	0	1	0	0	0	0	0	0	4	0	0	0	0	0	0	0	0
8e608ca2bdea0b3874ff370aa2689413435e81a6	Other	4	6984	0	0	10	748	0	0	0	0	0	0	0	0	3.34	0	0	0	0	0	0	0	0
09998ceb0c583f9aa062a130789e5d35b37a31db	Other	35	2265	0	0	23	3900	0	0.17	0	0	0	0	0	0	2.58	0	0	0	0	0	0	0	0
201760e4bb9ecbf5d479c210ae270c558235b089	Other	35	2265	0	0	35	10798	0	0	0	0	0	0	0	0	0.59	0	0	0	0	0	0	0	0
399f998989e19aec02b475041b2b732028166bd2	Other	13	4419	0	0	9	715	0	0	0	0	0	0	0	45.45	0	0	0	0	0	0	0	0	0
8cc122d5b9c32a9a2ccfa9b6505d11355b0cee19	Other	38	2773	0	0	9	99	0	0	0	0	0	0	35.35	5.05	0	0	0	0	0	0	0	0	0
88807174ab00db0087d537cc294347f4d08294b8	Other	21	931	17	15.38	9	8312	0	0	0	0	0	0	48.33	0.3	0	0	0	0	0	0	0	0	0
a77fc352119ffbd311e8a70695dc870fd049223d	Other	27	6393	0	0	4	7	0	0	0	0	0	0	42.85	0	0	0	0	0	0	0	0	0	0
7311fc537c93b3ca6a2be3c48ab107a793374228	Other	38	2773	0	0	8	218	0	0	0	0	0	0	33.48	0	0	0	0	0	0	0	0	0	0
aa2e90adc68c9f8e182b7425cc2d85994e7f646c	Other	38	2773	0	0	7	206	0	0	0	0	0	0	16.5	0	0	0	0	0	0	0	0	0	0
d4e22ea097e7e90c2e6f88a6412bbe924d5353dd	Other	27	6393	0	0	6	49	0	0	0	0	0	0	16.32	0	0	0	0	0	0	0	0	0	0
9ea09b4f74aad3ffd4702b468e447125ad4db717	Other	38	2773	0	0	5	192	0	0	0	0	0	0	14.58	0	0	0	0	0	0	0	0	0	0
26a7b21c06cd4a9cd35cf3cd4ffe29b2e631e203	Other	4	6984	0	0	7	289	0	0	0	0	0	0	0.34	0	0	0	0	0	0	0	0	0	0
a8409b0a8bfa7f8434ede495094fd8d892c28c91	Other	34	23350	1	12.5	7	147	0	0	0	0	0	2.72	0	0	0	0	0	0	0	0	0	0	0
922085a80e5f344f4f20df101ce4980c2d74710a	Other	4	6984	0	0	7	280	0	0	36.78	0	0	0	0	0	0	0	0	0	0	0	0	0	0
ca8cd893bb56bf5d455154b0498b1f58f77d20ed	Other	17	6028	0	0	2	24	0	33.33	0	0	0	0	0	0	0	0	0	0	0	0	0	0	0
aac292b018e74403ea03218b58652ac615766707	Other	6	2095	0	0	7	157	1.27	26.75	0	0	0	0	0	0	0	0	0	0	0	0	0	0	0
2cdf863d4cb01869e872f07f2f059bec972b51ab	Other	32	2108	0	0	11	664	8.13	26.05	0	0	0	0	0	0	0	0	0	0	0	0	0	0	0
da6391a0590d51d2901e20b97db309aed62a7e83	Other	22	1526	0	0	8	407	40.29	0	0	0	0	0	0	0	0	0	0	0	0	0	0	0	0
8cd314a86c3cf3061ae9e1d9cf841ae58f137338	Other	22	1526	0	0	5	279	40.14	0	0	0	0	0	0	0	0	0	0	0	0	0	0	0	0
2b66f00bed834b2569bf22c0c519dad0bf5d5bda	Other	10	3914	0	0	8	184	39.13	0	0	0	0	0	0	0	0	0	0	0	0	0	0	0	0
24caeed5a1dfc1a90cbfc27d0ac9c154cee0af58	Other	0	57429	0	0	2	8	37.5	0	0	0	0	0	0	0	0	0	0	0	0	0	0	0	0
9ab0b76440e1131a27c11ca4b9ba1454993310bf	Other	10	3914	0	0	2	121	21.48	0	0	0	0	0	0	0	0	0	0	0	0	0	0	0	0
bd1f602426f5012f25b12208d50b0f3024879511	Other	22	1526	0	0	21	379	15.56	0	0	0	0	0	0	0	0	0	0	0	0	0	0	0	0
606ac22ab1a4357758b8c9b44b17b2dd0d04bd70	Other	10	3914	0	0	4	52	15.38	0	0	0	0	0	0	0	0	0	0	0	0	0	0	0	0
73b1a3f7d0c872e2e770466fe79b17e05a8caaba	Other	10	3914	0	0	8	52	15.38	0	0	0	0	0	0	0	0	0	0	0	0	0	0	0	0
19952f4ad0345f8ea0398b4983384c3dc8a8f3bb	Other	4	6984	0	0	9	937	0.96	0	0	0	0	0	0	0	0	0	0	0	0	0	0	0	0
63135f008cdc0e460eead73dafcf836814982455	Other	16	95093	0	0	1	0	0	0	0	0	0	0	0	0	0	0	0	0	0	0	0	0	0
2ccc1d076f657dd79a43bbc548033557efb31eb3	Other	16	95093	0	0	1	0	0	0	0	0	0	0	0	0	0	0	0	0	0	0	0	0	0
a2039c8cf79cf21721ce900ff0e25a6bbf057fb6	Other	16	95093	1	100	0	0	0	0	0	0	0	0	0	0	0	0	0	0	0	0	0	0	0
8bc2792336de1061e787f63ea748c386b11f15b0	Other	16	95093	0	0	1	0	0	0	0	0	0	0	0	0	0	0	0	0	0	0	0	0	0
0d3eef4667b5b5fbad7d13c5cc8e6df04d4ee239	Other	16	95093	0	0	32	0	0	0	0	0	0	0	0	0	0	0	0	0	0	0	0	0	0
9716832f34a0f067f916366340f95057a19c52c2	Other	18	13228	16	0.2	5812	0	0	0	0	0	0	0	0	0	0	0	0	0	0	0	0	0	0
0965761a45562d609f6036963dbac84561174677	Other	16	95093	0	0	1	1	0	0	0	0	0	0	0	0	0	0	0	0	0	0	0	0	0
219492512a02567fdcc20fc2001270c3b2beeae7	Other	16	95093	0	0	1	1	0	0	0	0	0	0	0	0	0	0	0	0	0	0	0	0	0
7eb71a8d69b88354b91d1450a07e31147d5d8e2b	Other	16	95093	0	0	1	1	0	0	0	0	0	0	0	0	0	0	0	0	0	0	0	0	0
b1522122e0dde4a677dead601616dcaa9c034708	Other	16	95093	0	0	1	1	0	0	0	0	0	0	0	0	0	0	0	0	0	0	0	0	0
16d286538fc0b154a7c9bebe300b1683975063d2	Other	16	95093	0	0	1	1	0	0	0	0	0	0	0	0	0	0	0	0	0	0	0	0	0
9e8c75120a5263b68c6e6de0864378f4b23475c1	Other	16	95093	0	0	1	1	0	0	0	0	0	0	0	0	0	0	0	0	0	0	0	0	0
c2aabf09bd2f1532e37fa25f246b221b25f2b339	Other	16	95093	0	0	2	1	0	0	0	0	0	0	0	0	0	0	0	0	0	0	0	0	0
e341417e623fce6582f1ba3f43c97e45bee44dbe	Other	16	95093	0	0	2	1	0	0	0	0	0	0	0	0	0	0	0	0	0	0	0	0	0
02e0b309ff8e68f05a602f1b5f4e86d5ad3436c7	Other	3	86663	0	0	1	2	0	0	0	0	0	0	0	0	0	0	0	0	0	0	0	0	0
bd05b580161f1368e4c50a267e14e0d6b3732eed	Other	3	86663	0	0	1	2	0	0	0	0	0	0	0	0	0	0	0	0	0	0	0	0	0
fb7380a92d838123c5653900a4e3127d62da0241	Other	3	86663	0	0	1	2	0	0	0	0	0	0	0	0	0	0	0	0	0	0	0	0	0
411be57c1d212b5e34ad7c2b793bf97bfefbe280	Other	3	86663	0	0	1	2	0	0	0	0	0	0	0	0	0	0	0	0	0	0	0	0	0
92f4731677abda7a28e06f7fb22c291ab1e68a2f	Other	3	86663	0	0	1	2	0	0	0	0	0	0	0	0	0	0	0	0	0	0	0	0	0
5000a9d42e7a120d0815abbd32813f0d52d388fb	Other	3	86663	0	0	2	2	0	0	0	0	0	0	0	0	0	0	0	0	0	0	0	0	0
e62b2f6dd4d06e99c2707066314d398577c9ef78	Other	3	86663	0	0	1	3	0	0	0	0	0	0	0	0	0	0	0	0	0	0	0	0	0
fbf353b4de5a0dc90213c223a72cf6c05deb3b79	Other	3	86663	0	0	1	3	0	0	0	0	0	0	0	0	0	0	0	0	0	0	0	0	0
b590439f9d837265e3b05340606701164f985804	Other	3	86663	0	0	1	3	0	0	0	0	0	0	0	0	0	0	0	0	0	0	0	0	0
3d91a0ae132ef5601f1e8f35dd7cce4d6e9d4eb2	Other	3	86663	0	0	1	3	0	0	0	0	0	0	0	0	0	0	0	0	0	0	0	0	0
89be3d5699448db144c869c382731219096f156c	Other	3	86663	0	0	1	5	0	0	0	0	0	0	0	0	0	0	0	0	0	0	0	0	0
ed9178b8cb4a70031da59a7ddb40f93445ba3ec3	Other	3	86663	0	0	1	5	0	0	0	0	0	0	0	0	0	0	0	0	0	0	0	0	0
b8f881e8323ad583d3c9d20ca80cc87bb6624e99	Other	3	86663	0	0	3	5	0	0	0	0	0	0	0	0	0	0	0	0	0	0	0	0	0
62d216a3245fcc7646fe53a9760b9510ca565cf3	Other	3	86663	0	0	1	6	0	0	0	0	0	0	0	0	0	0	0	0	0	0	0	0	0
1947f076f5415772253eacaeec60d1c6aa57742b	Other	0	57429	0	0	2	6	0	0	0	0	0	0	0	0	0	0	0	0	0	0	0	0	0
e3583daa2f196b5822f784c7e53f081668ecef6d	Other	0	57429	0	0	1	7	0	0	0	0	0	0	0	0	0	0	0	0	0	0	0	0	0
6a119c982463097aebc8d004fc731b424721a650	Other	0	57429	0	0	2	7	0	0	0	0	0	0	0	0	0	0	0	0	0	0	0	0	0
791725aad9a8bdeff39bf1092c58bf797dbd51d1	Other	0	57429	0	0	1	8	0	0	0	0	0	0	0	0	0	0	0	0	0	0	0	0	0
436ff6e1a139d38c81d2b3e2744fbaa00048c2f1	Other	0	57429	0	0	1	8	0	0	0	0	0	0	0	0	0	0	0	0	0	0	0	0	0
01f558318e7a08915b372d5a79c4055d1ec51732	Other	0	57429	0	0	2	8	0	0	0	0	0	0	0	0	0	0	0	0	0	0	0	0	0
86409315b315ffb1f03eb025277f4698cf2387d9	Other	0	57429	0	0	1	9	0	0	0	0	0	0	0	0	0	0	0	0	0	0	0	0	0
3912a381aaa7abefa957d3935fdef2cbff5fa434	Other	0	57429	0	0	1	9	0	0	0	0	0	0	0	0	0	0	0	0	0	0	0	0	0
69f92cc7e0d6c01306579bdd22f136b3fefac6b3	Other	0	57429	0	0	2	9	0	0	0	0	0	0	0	0	0	0	0	0	0	0	0	0	0
3d87366dac8a2987510565829dba7d01c199ce9e	Other	0	57429	0	0	1	10	0	0	0	0	0	0	0	0	0	0	0	0	0	0	0	0	0
81942c19dacec9365aee03ac35b1b797e23a5a2d	Other	0	57429	0	0	1	10	0	0	0	0	0	0	0	0	0	0	0	0	0	0	0	0	0
61bfe198ecf7709c3ad21d67ab3b033d0dc007f9	Other	0	57429	0	0	2	11	0	0	0	0	0	0	0	0	0	0	0	0	0	0	0	0	0
c185c71c8eb7192e44ac381ce9883805068815ea	Other	0	57429	0	0	1	12	0	0	0	0	0	0	0	0	0	0	0	0	0	0	0	0	0
31486267b3303ae689da2068670fc42615df3efa	Other	0	57429	0	0	1	12	0	0	0	0	0	0	0	0	0	0	0	0	0	0	0	0	0
87381b245768a22785101503f065eb8ce1e77e0d	Other	0	57429	0	0	2	12	0	0	0	0	0	0	0	0	0	0	0	0	0	0	0	0	0
1d29dc412d014d6356da40bfb962e687813870ac	Other	18	13228	0	0	7	15	0	0	0	0	0	0	0	0	0	0	0	0	0	0	0	0	0
86e3300f3b68cb7eabffa397880fbab07073d34b	Other	0	57429	0	0	2	18	0	0	0	0	0	0	0	0	0	0	0	0	0	0	0	0	0
e849557f75527a48958f7978e10a7300a38aee8d	Other	18	13228	0	0	22	18	0	0	0	0	0	0	0	0	0	0	0	0	0	0	0	0	0
0cf40e066d6db3e9f1d941e5eb1087c6f54cb18d	Other	12	43434	3	40	2	21	0	0	0	0	0	0	0	0	0	0	0	0	0	0	0	0	0
e9b019b653d37146f9095bb0522525b3a8d9e386	Other	18	13228	0	0	6	21	0	0	0	0	0	0	0	0	0	0	0	0	0	0	0	0	0
e3bf4b3a548c8637ffd0bb8627bba3d4bc540385	Other	18	13228	0	0	6	21	0	0	0	0	0	0	0	0	0	0	0	0	0	0	0	0	0
5627bc75d1a92601399d1c5f628ab634457e37dd	Other	12	43434	0	0	1	23	0	0	0	0	0	0	0	0	0	0	0	0	0	0	0	0	0
8d927e385000c82fcecd19ad5d7819afb0c9cf7f	Other	12	43434	0	0	1	24	0	0	0	0	0	0	0	0	0	0	0	0	0	0	0	0	0
11553fcce2c8f982c9515389d42a16531299432f	Other	18	13228	0	0	13	24	0	0	0	0	0	0	0	0	0	0	0	0	0	0	0	0	0
6588a6e655f8a8848c25258d97f1a518e0828d19	Other	12	43434	0	0	1	28	0	0	0	0	0	0	0	0	0	0	0	0	0	0	0	0	0
0449e851ab4852f4d1b65120991a906a7c4ff7fb	Other	18	13228	0	0	5	30	0	0	0	0	0	0	0	0	0	0	0	0	0	0	0	0	0
a86bab534199f3bb7b26a6bb9adde8ed213b4142	Other	12	43434	0	0	1	31	0	0	0	0	0	0	0	0	0	0	0	0	0	0	0	0	0
880f4ceaa27d11845aec0ae826fd04abe9bf2e80	Other	12	43434	0	0	4	32	0	0	0	0	0	0	0	0	0	0	0	0	0	0	0	0	0
79200d3929f46fb5fd2e43ebf244658b3956ee00	Other	12	43434	0	0	1	33	0	0	0	0	0	0	0	0	0	0	0	0	0	0	0	0	0
3a796a58738c5391b72328d2a1111fe3c0976a03	Other	12	43434	0	0	3	33	0	0	0	0	0	0	0	0	0	0	0	0	0	0	0	0	0
e6bfa12403e1da862d28c12c6dcc1edde11d5d1c	Other	18	13228	0	0	5	33	0	0	0	0	0	0	0	0	0	0	0	0	0	0	0	0	0
e51bd95a8d5e7bd006ab2f3db67b9c3cc2cab7cf	Other	12	43434	0	0	3	38	0	0	0	0	0	0	0	0	0	0	0	0	0	0	0	0	0
0b67e89139384850b93921c1592979b042b19a0d	Other	12	43434	0	0	1	39	0	0	0	0	0	0	0	0	0	0	0	0	0	0	0	0	0
09e2036a63300cc14cb99fc0c839aff8dd80f695	Other	18	13228	0	0	7	40	0	0	0	0	0	0	0	0	0	0	0	0	0	0	0	0	0
a38dbabb26f7ad52f4232d82c6d7624aa87b673a	Other	18	13228	0	0	6	41	0	0	0	0	0	0	0	0	0	0	0	0	0	0	0	0	0
336cc2a44826fd160e5c1d9dcc46cf400e443b0c	Other	12	43434	0	0	3	43	0	0	0	0	0	0	0	0	0	0	0	0	0	0	0	0	0
c550d135366cfe1f819ffe633f7453de3c50c4ab	Other	18	13228	0	0	5	45	0	0	0	0	0	0	0	0	0	0	0	0	0	0	0	0	0
a78fc7ae940719f123faf08a7fa546cdbb6258c6	Other	12	43434	0	0	2	46	0	0	0	0	0	0	0	0	0	0	0	0	0	0	0	0	0
288e36b08c8f3abc121f4438a03ffb2d46b57f71	Other	18	13228	0	0	6	47	0	0	0	0	0	0	0	0	0	0	0	0	0	0	0	0	0
4c6858a047fbf0df20db4a00e724c03400c26bfd	Other	12	43434	0	0	3	50	0	0	0	0	0	0	0	0	0	0	0	0	0	0	0	0	0
8a1a996d1166819a4263285a7fb7f6d1a2defe2b	Other	18	13228	0	0	6	51	0	0	0	0	0	0	0	0	0	0	0	0	0	0	0	0	0
96a527434a6138b291c1b4a782bd2793cff51f74	Other	18	13228	0	0	8	51	0	0	0	0	0	0	0	0	0	0	0	0	0	0	0	0	0
1482a4bba02d4d7c5b4721faab52ed7084681a21	Other	12	43434	0	0	1	53	0	0	0	0	0	0	0	0	0	0	0	0	0	0	0	0	0
cfe7a652a7c8fcf43c67a93cca73bfa0eae6d223	Other	12	43434	0	0	2	53	0	0	0	0	0	0	0	0	0	0	0	0	0	0	0	0	0
709a39004334fddaace160d0edd304e8d64d59b2	Other	12	43434	0	0	2	55	0	0	0	0	0	0	0	0	0	0	0	0	0	0	0	0	0
4ed2e42c6d36d788ee8556682f68df1558dca714	Other	18	13228	0	0	5	56	0	0	0	0	0	0	0	0	0	0	0	0	0	0	0	0	0
ef2be8812c9fe4c3cba4f07d4d055a912326f194	Other	12	43434	1	0	3	57	0	0	0	0	0	0	0	0	0	0	0	0	0	0	0	0	0
a9b61d6c85e9f2a62ac53d12a68a9364b0596379	Other	18	13228	0	0	10	59	0	0	0	0	0	0	0	0	0	0	0	0	0	0	0	0	0
d2aaf0f4bbdfe7681627ab57a9508fce1448299c	Other	18	13228	0	0	60	60	0	0	0	0	0	0	0	0	0	0	0	0	0	0	0	0	0
0eccb66f3030bf0f38512bb741e8cff86d2690a8	Other	12	43434	0	0	2	61	0	0	0	0	0	0	0	0	0	0	0	0	0	0	0	0	0
9290471b61a98a1882f0d9e5ce7d883428e2ff36	Other	34	23350	0	0	2	67	0	0	0	0	0	0	0	0	0	0	0	0	0	0	0	0	0
15a3f87b3929cd9c8c56508c0dbf8cf9668ffcd2	Other	34	23350	0	0	3	79	0	0	0	0	0	0	0	0	0	0	0	0	0	0	0	0	0
ff3f814a1be482ce7d0c1dcf22fabeb234a424e3	Other	18	13228	0	0	31	83	0	0	0	0	0	0	0	0	0	0	0	0	0	0	0	0	0
a5c992b579f0604e64fe821085718ca9723ae339	Other	18	13228	0	0	16	87	0	0	0	0	0	0	0	0	0	0	0	0	0	0	0	0	0
3f533eaab55d6eca2c8fd3577563f997bc1f5cf1	Other	34	23350	0	0	1	101	0	0	0	0	0	0	0	0	0	0	0	0	0	0	0	0	0
dec0b60a58e9016871f34839868fe8e57c2b8af0	Other	34	23350	0	0	1	101	0	0	0	0	0	0	0	0	0	0	0	0	0	0	0	0	0
a85be3f5557e49f9e35e8abcf9365dd3b6cfabab	Other	34	23350	0	0	1	102	0	0	0	0	0	0	0	0	0	0	0	0	0	0	0	0	0
390a1087c29b95e7ebab2b8dd9c9db1fb0104a13	Other	34	23350	0	0	2	103	0	0	0	0	0	0	0	0	0	0	0	0	0	0	0	0	0
34a21aee2e40d73183a4a1065cd087d2699e28ff	Other	34	23350	0	0	4	105	0	0	0	0	0	0	0	0	0	0	0	0	0	0	0	0	0
f5ecf5e70b996de7d25902ada2b1ed2e9218a965	Other	34	23350	0	0	3	108	0	0	0	0	0	0	0	0	0	0	0	0	0	0	0	0	0
8fbf78d407543753da938874dcd0b836eb8f47fb	Other	34	23350	0	0	5	108	0	0	0	0	0	0	0	0	0	0	0	0	0	0	0	0	0
2b6957f034e2379c1293f3948e6e838eb6c5e5c6	Other	34	23350	0	0	1	117	0	0	0	0	0	0	0	0	0	0	0	0	0	0	0	0	0
cad71a711787ed66a4e2441a2acd8e46be26a110	Other	18	13228	0	0	11	129	0	0	0	0	0	0	0	0	0	0	0	0	0	0	0	0	0
c15a4714d353f8a7531fdec04f340c118cd1749c	Other	34	23350	0	0	5	134	0	0	0	0	0	0	0	0	0	0	0	0	0	0	0	0	0
67c94866c604b4c91e2246e57c0d553a0736cf2f	Other	34	23350	0	0	6	159	0	0	0	0	0	0	0	0	0	0	0	0	0	0	0	0	0
3ef0bdf28928fd8ff117b5498af0c8852b84c5a1	Other	34	23350	0	0	4	166	0	0	0	0	0	0	0	0	0	0	0	0	0	0	0	0	0
b5bc2ef34543fdc2ce0ea8acdffa2317a7d34a32	Other	4	6984	0	0	39	211	0	0	0	0	0	0	0	0	0	0	0	0	0	0	0	0	0
46cec9f88001989141bbd8d2dfafff8c1319f7c9	Other	4	6984	0	0	33	226	0	0	0	0	0	0	0	0	0	0	0	0	0	0	0	0	0
e4114e787c58447b1d415d51118c9dec62ac19d7	Other	4	6984	0	0	9	252	0	0	0	0	0	0	0	0	0	0	0	0	0	0	0	0	0
cdc11fe5e8ad305fdbcb98e2a3b4e9317380704f	Other	4	6984	0	0	13	285	0	0	0	0	0	0	0	0	0	0	0	0	0	0	0	0	0
6910ce7d6049390b392a17e4009960629ddf77b3	Other	4	6984	21	0	49	307	0	0	0	0	0	0	0	0	0	0	0	0	0	0	0	0	0
9b10b9350301cb9ff0c62c745f3ca8197f393753	Other	34	23350	1	0	4	310	0	0	0	0	0	0	0	0	0	0	0	0	0	0	0	0	0
069b01932a7d64a81c708c6254cc93e1f89e6783	Other	4	6984	0	0	8	328	0	0	0	0	0	0	0	0	0	0	0	0	0	0	0	0	0
8e8de83f9686f3729859d9bbf89baea1038ea7e2	Other	34	23350	1	0	3	339	0	0	0	0	0	0	0	0	0	0	0	0	0	0	0	0	0
6e8363167e923e4db5eb741e438caf8784e8c1cf	Other	34	23350	0	0	2	391	0	0	0	0	0	0	0	0	0	0	0	0	0	0	0	0	0
e9d79db6c4f538814f741451d10d9378b6547908	Other	34	23350	0	0	2	403	0	0	0	0	0	0	0	0	0	0	0	0	0	0	0	0	0
ce053f3bd709c9bdc52a5feaa1d32d9a2efab218	Other	4	6984	0	0	3	413	0	0	0	0	0	0	0	0	0	0	0	0	0	0	0	0	0
adeed7a90739075f4fe9fd091a02e31f841c257e	Other	4	6984	0	0	14	455	0	0	0	0	0	0	0	0	0	0	0	0	0	0	0	0	0
fe2509bd58b599ddbf28b98d19d775f64b72959c	Other	4	6984	0	0	8	975	0	0	0	0	0	0	0	0	0	0	0	0	0	0	0	0	0
cf86cd878e1490bf61822d3a2fe3a852eccdc7c1	Other	4	6984	0	0	1	19720	0	0	0	0	0	0	0	0	0	0	0	0	0	0	0	0	0
0463fccecf5b2491de340683744c2b6b3c773acf	Swift Bugfix	33	1276	0	0	3	10	0	0	0	0	0	0	0	0	0	0	0	0	0	0	100	0	0
e69fb5e4ab89edc47da7c522294f6b9783648b5b	Swift Bugfix	33	1276	0	0	2	12	0	0	0	0	0	0	0	0	0	0	0	0	0	0	100	0	0
da2019b0f4be0297cd8c0138de9e1c10960389fc	Swift Bugfix	33	1276	0	0	3	13	0	0	0	0	0	0	0	0	0	0	0	0	0	0	100	0	0
a23832b76c5811a8c36bdd6a0de935990af6064a	Swift Bugfix	33	1276	0	0	1	18	0	0	0	0	0	0	0	0	0	0	0	0	0	0	100	0	0
64452570bdd2764ea18db6d5e76ea23c19ab4b3b	Swift Bugfix	33	1276	0	0	1	22	0	0	0	0	0	0	0	0	0	0	0	0	0	0	100	0	0
93f66ca9df35000b75152c33647b1a73d93eba3a	Swift Development	33	1276	0	0	6	30	0	0	0	0	0	0	0	0	0	0	0	0	0	0	100	0	0
8caf572ab4a5908a5ea3cefb2ca3befc5f949b21	Swift Development	33	1276	0	0	1	31	0	0	0	0	0	0	0	0	0	0	0	0	0	0	100	0	0
643dbc89635f1adb3fe3faa403d0fa4fcbebd0f9	Swift Development	33	1276	0	0	6	42	0	0	0	0	0	0	0	0	0	0	0	0	0	0	100	0	0
d07f3cf54bd0923cbc176f3504159a1c09cfce0f	Swift Development	33	1276	0	0	5	124	0	0	0	0	0	0	0	0	0	0	0	0	0	0	100	0	0
2f617964dc9b4b5128f061a76313896a6d18daac	Swift Development	33	1276	0	0	1	556	0	0	0	0	0	0	0	0	0	0	0	0	0	0	100	0	0
c5942676dc289c6642bb5d2647f3714b2043b587	Swift Development	33	1276	0	0	13	61	0	0	0	0	0	0	0	0	0	0	1.63	0	0	0	98.36	0	0
3487ee6400abee9dfba88fbd6bab7749e5f31639	Swift Development	33	1276	0	0	3	118	0	0	0	0	0	0	0	0	0	0	0	0	0	0	96.61	0	0
350b53f790a451e4b5ca6230d64684de22c32504	Swift Development	33	1276	0	0	4	111	0	0	0	0	0	0	0	0	0	0	0	0	0	0	96.39	0	0
febb00c0e2aefbcbf9af19fa54b7a4ceeb288fc8	Swift Development	33	1276	0	0	9	256	0	0	0	0	0	0	0	0	0	0	0	0	0	0	93.75	0	0
c3bcad5f9a156f58caa72210f64dcd7a320f4fb0	Swift Development	33	1276	0	0	3	48	0	0	0	0	0	0	0	0	0	0	0	0	0	0	91.66	0	0
f1dc0c705ed93c213d4cfabc43cbf975b75a15fe	Swift Development	33	1276	0	0	2	34	0	0	0	0	0	0	0	0	0	0	0	0	0	0	88.23	0	0
56a2301bfa7da40187008995244d0c8d4b94aa51	Swift Development	33	1276	0	0	3	31	0	0	0	0	0	0	0	0	0	0	0	0	0	0	83.87	0	0
bd5e0e14083e9b117465284db1f314397515639d	Swift Development	33	1276	0	0	8	87	0	0	0	0	0	0	0	0	0	0	0	0	0	0	82.75	0	0
6308c3fa5d29b318680419f877fd5b8ac1359b5d	txt	26	2980	0	0	6	1040	0	0	0	0	0	0	0	0	0	0	0	0	0	0	0	96.53	3.17
37f6520ea8cf2c7668d933f298dfb9e63389f16a	txt	36	8258	0	0	1	2	0	0	0	0	0	0	0	0	0	0	0	0	0	0	0	100	0
5c190187a6ed45d2762b02e7252336c610ba3170	txt	36	8258	0	0	1	2	0	0	0	0	0	0	0	0	0	0	0	0	0	0	0	100	0
41355a20e3d9328168641beb51d5aa84f7d02266	txt	36	8258	0	0	1	3	0	0	0	0	0	0	0	0	0	0	0	0	0	0	0	100	0
ad13c5551beadcb16ef1dbad100b6ae61dddfdb5	txt	36	8258	0	0	1	3	0	0	0	0	0	0	0	0	0	0	0	0	0	0	0	100	0
dced086726c671c572a0c75f7510550d853ed26d	txt	36	8258	0	0	1	3	0	0	0	0	0	0	0	0	0	0	0	0	0	0	0	100	0
245a3b3fecd2ee073816ad8535710a6adedb71d3	txt	36	8258	0	0	1	3	0	0	0	0	0	0	0	0	0	0	0	0	0	0	0	100	0
63307bc78f4cfba47e92401b3bab7dbc609185df	txt	36	8258	0	0	1	3	0	0	0	0	0	0	0	0	0	0	0	0	0	0	0	100	0
2ca36a23a2f4a5d2bedcd2eaebc9026f00a89e63	txt	36	8258	0	0	1	3	0	0	0	0	0	0	0	0	0	0	0	0	0	0	0	100	0
725a97d2db1dd35e6d518537098203e481c0b375	txt	36	8258	0	0	1	3	0	0	0	0	0	0	0	0	0	0	0	0	0	0	0	100	0
27270f796f2d19f5af94723f8e9b313af8a0159c	txt	36	8258	0	0	1	5	0	0	0	0	0	0	0	0	0	0	0	0	0	0	0	100	0
ccab9fc56c9898dc4cd0d377ca2acd6532adb50c	txt	36	8258	0	0	1	5	0	0	0	0	0	0	0	0	0	0	0	0	0	0	0	100	0
6ff1d3fc3341589511c842fbb9ba8af60248d4bb	txt	36	8258	0	0	1	5	0	0	0	0	0	0	0	0	0	0	0	0	0	0	0	100	0
e370553d6273e85da91994368e367ec4b8124eb4	txt	36	8258	0	0	1	6	0	0	0	0	0	0	0	0	0	0	0	0	0	0	0	100	0
e370553d6273e85da91994368e367ec4b8124eb4	txt	36	8258	0	0	1	6	0	0	0	0	0	0	0	0	0	0	0	0	0	0	0	100	0
38ebbdef37a153012749fd4d0a0546e6c9e965ba	txt	36	8258	0	0	2	6	0	0	0	0	0	0	0	0	0	0	0	0	0	0	0	100	0
c493beefb073846e669d92f9d1116267cafbb258	txt	36	8258	0	0	1	7	0	0	0	0	0	0	0	0	0	0	0	0	0	0	0	100	0
871d437e75de5147dfc55bea7b1e1784f0dff413	txt	36	8258	0	0	3	9	0	0	0	0	0	0	0	0	0	0	0	0	0	0	0	100	0
157f39b469fb2fdb9d46a59d01a7a5cc39f767de	txt	36	8258	0	0	1	12	0	0	0	0	0	0	0	0	0	0	0	0	0	0	0	100	0
1c006bf9e9e554fe669df25ac6f16e4db06fa4c6	txt	36	8258	0	0	1	14	0	0	0	0	0	0	0	0	0	0	0	0	0	0	0	100	0
54009032bdd917540c9fb991b52598c14d5619bd	txt	26	2980	0	0	1	25	0	0	0	0	0	0	0	0	0	0	0	0	0	0	0	100	0
bd2b48939956879078e03f6ea426e6d858082bc9	txt	26	2980	0	0	1	35	0	0	0	0	0	0	0	0	0	0	0	0	0	0	0	100	0
23c867c0b47f6f492662af06fca24ffaa4af0855	txt	26	2980	0	0	1	38	0	0	0	0	0	0	0	0	0	0	0	0	0	0	0	100	0
15bbbb7b53d983466fb17da1f8ba74fc4b15b2c2	txt	26	2980	0	0	1	39	0	0	0	0	0	0	0	0	0	0	0	0	0	0	0	100	0
47b4791f4cef766f755d4eddb843b1d73fe3d1b0	txt	26	2980	0	0	1	40	0	0	0	0	0	0	0	0	0	0	0	0	0	0	0	100	0
4cdaccf11ded71f53e5e80259a8d0751c01b7d05	txt	26	2980	0	0	3	49	0	0	0	0	0	0	0	0	0	0	0	0	0	0	0	100	0
7cc1a819fe25368d1cc9a2ff56af950d6e300948	txt	26	2980	0	0	1	62	0	0	0	0	0	0	0	0	0	0	0	0	0	0	0	100	0
2c0abac179bfde225d1ecc77829ab59299e8f470	txt	26	2980	0	0	2	87	0	0	0	0	0	0	0	0	0	0	0	0	0	0	0	100	0
d9d55f4a09c71df66f51f36938d8ecc650bd8b25	txt	26	2980	0	0	4	45	0	0	0	0	0	0	0	0	0	0	0	0	0	0	0	95.55	0
bab63266a139c2d14363ae5b6f4d9202870d3fc4	txt	26	2980	0	0	26	5207	0	0	0.74	0.34	0	0	0	0	0.21	0	0	0	0.78	0	0	82.31	0
bd7b451c5adca5cb2787b7972476bc7207280981	Yarn	23	5329	0	0	1	6	0	0	0	0	0	0	0	0	0	0	0	0	0	0	0	0	100
9c8e92b2bc69409b5994fa6c85a332fe75ee8045	Yarn	23	5329	0	0	1	6	0	0	0	0	0	0	0	0	0	0	0	0	0	0	0	0	100
d44e620769c70a6c2b15459634905552d0b10784	Yarn	23	5329	0	0	1	6	0	0	0	0	0	0	0	0	0	0	0	0	0	0	0	0	100
95e5ecbb33a84ba7911a8069cdff485a689cb2e8	Yarn	23	5329	0	0	1	6	0	0	0	0	0	0	0	0	0	0	0	0	0	0	0	0	100
f91b0e4511e67049816cfe1a1992005becc01c8b	Yarn	23	5329	0	0	2	6	0	0	0	0	0	0	0	0	0	0	0	0	0	0	0	0	100
ddb9eb696e021df46a1cdc7ce89f4ad6c27be5a6	Yarn	23	5329	0	0	1	7	0	0	0	0	0	0	0	0	0	0	0	0	0	0	0	0	100
03b4fe18f372eeebe5431ec1746f8b0439ccdd4a	Yarn	23	5329	0	0	1	9	0	0	0	0	0	0	0	0	0	0	0	0	0	0	0	0	100
7b4bfcb03bd24eaf4f98b09a0fc18cf550fa4780	Yarn	23	5329	0	0	1	9	0	0	0	0	0	0	0	0	0	0	0	0	0	0	0	0	100
1245cd9977aa1f0997f093187bbdf0bff440474c	Yarn	23	5329	0	0	1	12	0	0	0	0	0	0	0	0	0	0	0	0	0	0	0	0	100
820ea69613ed27558d092a40bef4f0a7137d2614	Yarn	23	5329	0	0	1	14	0	0	0	0	0	0	0	0	0	0	0	0	0	0	0	0	100
4716502c09415a5339d98c1cea1d5dca80d817bb	Yarn	23	5329	0	0	1	24	0	0	0	0	0	0	0	0	0	0	0	0	0	0	0	0	100
de0e6d893d267574d7a266095971752e414653ac	Yarn	23	5329	0	0	1	29	0	0	0	0	0	0	0	0	0	0	0	0	0	0	0	0	100
5cf0750455c5c35bdf272dc773a8772db0fd1785	Yarn	23	5329	0	0	2	29	0	0	0	0	0	0	0	0	0	0	0	0	0	0	0	0	100
39b6455c041a1740be423ad27a19e9568b5a883c	Yarn	23	5329	0	0	1	31	0	0	0	0	0	0	0	0	0	0	0	0	0	0	0	0	100
c03ee857f880f94461d3344c11bfb703885fde00	Yarn	23	5329	0	0	2	43	0	0	0	0	0	0	0	0	0	0	0	0	0	0	0	0	100
ac78c1257ca1d6dda6f53720a54424dc1d58ba51	Yarn	23	5329	0	0	2	14	0	0	0	7.14	0	0	0	0	0	0	0	0	0	0	0	0	92.85
