	label	cluster	numCommits	binFiles	imgFilePct	textFiles	textLines	cLinePct	c-plus-plusLinePct	dataLinePct	goLinePct	interfaceLinePct	javascriptLinePct	jsonLinePct	latexLinePct	lockLinePct	localizationLinePct	markdownLinePct	pydataLinePct	pythonLinePct	rpm-packageLinePct	rustLinePct	shellLinePct	solidityLinePct	swiftLinePct	txtLinePct	yarnLinePct
aff438e441b05a5f20287bb1b283f120be802ed9	C	12	1545	0	0	4	613	81.4	0	0	0	0	0	0	0	0	0	0	0	0	0	0	0	0	0	0	0
a227288d3e162b16aa73bb22308afe335adb732c	C	18	3370	0	0	3	20	85	0	0	0	0	0	0	0	0	0	0	0	0	0	0	0	0	0	0	0
64e70811b58ade22a4a2c4be24b41dec23303942	C	18	3370	0	0	7	10	90	0	0	0	0	0	0	0	0	0	0	0	0	0	0	0	0	0	0	0
a5852c67e8764063afb58437c5a705fb99366849	C	12	1545	0	0	6	1347	89.82	0	0	0	0	0	0	0	0	0	0	0	9.79	0	0	0	0	0	0	0
91be9a9ace3e532a40a93f0c00d71fa34adce009	C	12	1545	0	0	9	3543	99.8	0	0	0	0	0	0	0	0	0	0	0	0.11	0	0	0	0	0	0	0
937c7e2fcad0ed1dff5590297b1b0c4458a426d9	C	18	3370	3	40	2	18	83.33	0	0	0	0	0	0	0	0	0	0	0	16.66	0	0	0	0	0	0	0
cb994bf6e2a4154c46eada4e0bda2a28cf47652c	C	12	1545	0	0	2	159	91.19	0	0	0	0	0	0	0	0	0	0	0	8.8	0	0	0	0	0	0	0
5fe405bd6545cd1ebf8ed7aeb3fa94be087c7449	C	12	1545	0	0	5	376	94.14	0	0	0	0	0	0	0	0	0	0	0	5.85	0	0	0	0	0	0	0
626c7e8154e50426a15977fee9c47b839fc193f1	C	12	1545	0	0	8	4474	94.21	0	0	0	0	0	0	0	0	0	0	0	5.78	0	0	0	0	0	0	0
fdfcf9c2c59b8699ade104e2591936a83eed7c1f	C	12	1545	0	0	3	1558	94.99	0	0	0	0	0	0	0	0	0	0	0	5	0	0	0	0	0	0	0
77db3435b58f76de230f1a8cba8b22fa9e009282	C	12	1545	0	0	2	186	95.16	0	0	0	0	0	0	0	0	0	0	0	4.83	0	0	0	0	0	0	0
4d652d1f9757ba83e30446c84210d3a16c87f606	C	12	1545	0	0	4	788	97.96	0	0	0	0	0	0	0	0	0	0	0	2.03	0	0	0	0	0	0	0
a681c9bc8a3179c0ec1b5c0445d87d6a1af955b3	C	12	1545	0	0	2	1157	98.27	0	0	0	0	0	0	0	0	0	0	0	1.72	0	0	0	0	0	0	0
5dc375463dd7d6e557d594070f81e38daada3330	C	12	1545	0	0	2	1469	99.52	0	0	0	0	0	0	0	0	0	0	0	0.47	0	0	0	0	0	0	0
f3b6dd3296bd7463f94f4da576524264d6ce4593	C	12	1545	0	0	4	1475	99.52	0	0	0	0	0	0	0	0	0	0	0	0.47	0	0	0	0	0	0	0
52a3d2635c417c8e2398d9d4853db938171d406b	C	18	3370	0	0	3	9	66.66	33.33	0	0	0	0	0	0	0	0	0	0	0	0	0	0	0	0	0	0
a9d12dedd174eb384da4c88facaadcb428c2c3f9	C	18	3370	0	0	3	14	78.57	21.42	0	0	0	0	0	0	0	0	0	0	0	0	0	0	0	0	0	0
985c79552ceb6a5f5812d421dc5c86fa3b1cc41d	C	18	3370	0	0	2	19	84.21	15.78	0	0	0	0	0	0	0	0	0	0	0	0	0	0	0	0	0	0
646f106a34f189b225745a079fdc8560b9230e68	C	18	3370	0	0	2	14	85.71	14.28	0	0	0	0	0	0	0	0	0	0	0	0	0	0	0	0	0	0
1a586e25ddc37bef93ea09d1d39561b65a78059b	C	18	3370	0	0	4	34	88.23	0	0	0	0	0	0	0	0	0	0	0	11.76	0	0	0	0	0	0	0
8311b1bbd8bfc0787ec90a15a504f04408cf1a79	C	12	1545	0	0	3	237	91.56	0	0	0	0	0	0	0	0	0	0	0	8.43	0	0	0	0	0	0	0
a651403e09ccc9ac0a3322e880d6543dd51a14bd	C	18	3370	0	0	3	11	63.63	36.36	0	0	0	0	0	0	0	0	0	0	0	0	0	0	0	0	0	0
cb0d1134b736e5b43eda62b5d7c2c3864d3bf89f	C	10	4092	0	0	8	57	73.68	24.56	0	0	0	0	0	0	0	0	0	0	0	0	0	0	0	0	1.75	0
021f86953e8a1dff8ecc768186368d345c865cc2	C	10	4092	0	0	4	34	50	50	0	0	0	0	0	0	0	0	0	0	0	0	0	0	0	0	0	0
66b3fc543706aad1aaccc403b4ee08f65fa5d17b	C	18	3370	0	0	3	10	70	30	0	0	0	0	0	0	0	0	0	0	0	0	0	0	0	0	0	0
c2bd5888607d283a229c9361747a93c83dfea0de	C	2	29623	0	0	2	4	100	0	0	0	0	0	0	0	0	0	0	0	0	0	0	0	0	0	0	0
8777c61a195384944a9244a6211d6e57acb00a5f	C	12	1545	0	0	23	1125	100	0	0	0	0	0	0	0	0	0	0	0	0	0	0	0	0	0	0	0
6e809f2fc0e4101951beb53c6442876ce79656e3	C	12	1545	0	0	1	1549	100	0	0	0	0	0	0	0	0	0	0	0	0	0	0	0	0	0	0	0
a5a41e1f22fe5e961c44e3cd605b8b9db5a99df8	C	18	3370	0	0	1	27	100	0	0	0	0	0	0	0	0	0	0	0	0	0	0	0	0	0	0	0
9d8604f36a6f94b3c065a8143952cadd7d97aef5	C	18	3370	0	0	4	12	100	0	0	0	0	0	0	0	0	0	0	0	0	0	0	0	0	0	0	0
507b36dd1bf867cd20e4312b95c68b494c9bb7b8	C	18	3370	0	0	1	13	100	0	0	0	0	0	0	0	0	0	0	0	0	0	0	0	0	0	0	0
bd85dfffca8629a7e57f5f9397168e0c7dc4e677	C	18	3370	0	0	1	24	100	0	0	0	0	0	0	0	0	0	0	0	0	0	0	0	0	0	0	0
da3f8cb19c81c909636de6ece7e33454d8cec79b	C	18	3370	0	0	1	55	100	0	0	0	0	0	0	0	0	0	0	0	0	0	0	0	0	0	0	0
01566ca5ad5579798f30b5d364d36ab812cdc4dc	C	18	3370	0	0	5	59	100	0	0	0	0	0	0	0	0	0	0	0	0	0	0	0	0	0	0	0
57890b2555ca347373109052f6789c23f46bc594	C++	17	9586	0	0	2	72	0	90.27	0	0	0	0	0	0	0	0	0	0	0	0	0	0	0	0	0	0
ba4016014cb4fb4927e36ce8ea429fed47dcb787	C++	12	1545	2	1.61	60	9877	39.98	59.02	0	0	0	0	0	0	0	0	0	0	0.95	0	0	0	0	0	0	0
949b00ed591303c531ed8fa73087b710b7a554de	C++	10	4092	0	0	19	630	28.09	71.74	0	0	0	0	0	0	0	0	0	0	0	0	0	0	0	0	0.15	0
6608c369b1a6cfc1d5b4a7905c193baa999ba84c	C++	10	4092	0	0	3	68	4.41	95.58	0	0	0	0	0	0	0	0	0	0	0	0	0	0	0	0	0	0
230f51efb7da7cc4f8e03027b958aee8f3346914	C++	17	9586	0	0	3	17	5.88	94.11	0	0	0	0	0	0	0	0	0	0	0	0	0	0	0	0	0	0
e0873dafc57980caffd1cdff597b4317d9cdcea6	C++	10	4092	0	0	6	45	6.66	93.33	0	0	0	0	0	0	0	0	0	0	0	0	0	0	0	0	0	0
dea7b864e6bbd80b913abf44dc4748868c5d6975	C++	10	4092	0	0	9	494	7.89	92.1	0	0	0	0	0	0	0	0	0	0	0	0	0	0	0	0	0	0
1006f0707e34f8903f247195dabd86243ae61f05	C++	10	4092	0	0	4	84	22.61	77.38	0	0	0	0	0	0	0	0	0	0	0	0	0	0	0	0	0	0
f6ed29b88b0a721984173df04f04ad4c48d8711d	C++	10	4092	0	0	5	77	25.97	74.02	0	0	0	0	0	0	0	0	0	0	0	0	0	0	0	0	0	0
11bdf358df078d9fb69136b79a788164f4636b22	C++	10	4092	0	0	5	198	33.33	64.64	0	0	0	0	0	0	0	0	0	0	0	0	0	0	0	0	2.02	0
b5795a788639305bab86a8b3f6b75d6ce81be083	C++	17	9586	0	0	2	9	44.44	55.55	0	0	0	0	0	0	0	0	0	0	0	0	0	0	0	0	0	0
67d4cbab461260cd51386a16a1a34bb9161e73a8	C++	10	4092	0	0	7	155	1.93	98.06	0	0	0	0	0	0	0	0	0	0	0	0	0	0	0	0	0	0
9b0369c773c1d350a05435d8d3ec4e954828fb82	C++	10	4092	0	0	3	343	9.32	90.67	0	0	0	0	0	0	0	0	0	0	0	0	0	0	0	0	0	0
400d68b81d97db506550dcd93e50dcd0aa1c37ac	C++	10	4092	0	0	6	233	16.73	83.26	0	0	0	0	0	0	0	0	0	0	0	0	0	0	0	0	0	0
4f5ad43b1e05cd7b403f87aae4c4d42e5aea810b	C++	10	4092	0	0	2	42	35.71	64.28	0	0	0	0	0	0	0	0	0	0	0	0	0	0	0	0	0	0
802d52f6a2ee64a32dd65a9ad76bdde507ef9127	C++	10	4092	0	0	4	47	36.17	63.82	0	0	0	0	0	0	0	0	0	0	0	0	0	0	0	0	0	0
c3d3ae80fa59df3a134141ed75f4d195984960fd	C++	10	4092	0	0	1	203	0	100	0	0	0	0	0	0	0	0	0	0	0	0	0	0	0	0	0	0
0debab3a26249f73058a50f35df23bc7be802da5	C++	10	4092	0	0	3	597	0	100	0	0	0	0	0	0	0	0	0	0	0	0	0	0	0	0	0	0
8885d15a0989003cbdd24ca4658087d8ec0279b5	C++	10	4092	0	0	6	384	0	100	0	0	0	0	0	0	0	0	0	0	0	0	0	0	0	0	0	0
6474ab7879a6d82a2d27f5cb34fc37d850d8c6c5	C++	10	4092	0	0	10	2289	0	100	0	0	0	0	0	0	0	0	0	0	0	0	0	0	0	0	0	0
3f7ada1689d1027eb1208c7647a309551e1aac20	C++	17	9586	0	0	1	7	0	100	0	0	0	0	0	0	0	0	0	0	0	0	0	0	0	0	0	0
2b3b00776ed07fda9db9d389f616a2ec00f5aabe	C++	17	9586	0	0	1	8	0	100	0	0	0	0	0	0	0	0	0	0	0	0	0	0	0	0	0	0
a9f4d1401059146a70ab04f087c2f3b5aa84e228	C++	17	9586	0	0	2	59	0	100	0	0	0	0	0	0	0	0	0	0	0	0	0	0	0	0	0	0
cbd4465a7f0337450316bd38fb8613542fc134b9	C++	17	9586	0	0	1	17	0	100	0	0	0	0	0	0	0	0	0	0	0	0	0	0	0	0	0	0
0a17495cf94016318ee76f299419595d6bfdd718	C++	17	9586	0	0	2	26	0	100	0	0	0	0	0	0	0	0	0	0	0	0	0	0	0	0	0	0
db132e7693ff66a758a6d5e0d40beaa0daf2fc4e	C++	17	9586	0	0	3	13	0	100	0	0	0	0	0	0	0	0	0	0	0	0	0	0	0	0	0	0
a97aeb0e6ee946ebf864534a29205bfd7fed15e2	C++	17	9586	0	0	1	37	0	100	0	0	0	0	0	0	0	0	0	0	0	0	0	0	0	0	0	0
666696b673c5d3b7ab467a890cafd13ac19be503	C++	17	9586	0	0	1	5	0	100	0	0	0	0	0	0	0	0	0	0	0	0	0	0	0	0	0	0
5f850b0311a9adca506f6a7e7c10e3d996f493af	C++	17	9586	0	0	1	14	0	100	0	0	0	0	0	0	0	0	0	0	0	0	0	0	0	0	0	0
2c3eade704f63b360926de9e975ce80143781679	C++	17	9586	0	0	4	6	0	100	0	0	0	0	0	0	0	0	0	0	0	0	0	0	0	0	0	0
ecd094e2b1e1eb7dba24dafef3640a9b6cc55f82	C++	17	9586	0	0	3	6	0	100	0	0	0	0	0	0	0	0	0	0	0	0	0	0	0	0	0	0
104b3a5069c937383e6f88f2f3fb804ef61b208f	C++	17	9586	0	0	1	17	0	100	0	0	0	0	0	0	0	0	0	0	0	0	0	0	0	0	0	0
f5927f5b32c9e28033fb7a00dd43f3162781c1d0	C++	17	9586	0	0	1	33	0	100	0	0	0	0	0	0	0	0	0	0	0	0	0	0	0	0	0	0
4162c3d7afc9ed6a01345dab94e4f392391b321a	C++	17	9586	0	0	2	22	0	100	0	0	0	0	0	0	0	0	0	0	0	0	0	0	0	0	0	0
f0bf33da8357bd6aff100bbe5b84a7f01937e379	C++	17	9586	0	0	5	10	10	90	0	0	0	0	0	0	0	0	0	0	0	0	0	0	0	0	0	0
d4746d56c0c45b8721da36bc19b2bdaba5d7d094	C++	17	9586	0	0	4	12	25	75	0	0	0	0	0	0	0	0	0	0	0	0	0	0	0	0	0	0
5aee8f975dbaf0e0528e71b468c7536f3ac655d7	Data	31	537	0	0	2	1534	0	0	99.67	0	0	0	0.32	0	0	0	0	0	0	0	0	0	0	0	0	0
3c813c613f7b361e79849295ff19c17502204317	Data	31	537	0	0	2	1517	0	0	99.67	0	0	0	0.32	0	0	0	0	0	0	0	0	0	0	0	0	0
3ea2614671518c0a23f8fe59ed6edb63c1a7c7cf	Data	31	537	0	0	2	1543	0	0	99.74	0	0	0	0.25	0	0	0	0	0	0	0	0	0	0	0	0	0
e2982e7b3236c0a47fff3cd40bb3891793b1d14d	Data	31	537	0	0	2	1326	0	0	99.92	0	0	0	0.07	0	0	0	0	0	0	0	0	0	0	0	0	0
318621cad24d5258dd6809aeda2b59c180f6d269	Data	31	537	1	33.33	2	244	0	0	98.36	0	0	1.63	0	0	0	0	0	0	0	0	0	0	0	0	0	0
d32b9134fd6201e3baaa2d4dbc34c279a0e7e645	Data	31	537	0	0	2	968	0	0	99.79	0	0	0	0.2	0	0	0	0	0	0	0	0	0	0	0	0	0
41aaafd6b14b9ed636efb903124da650ba8a5dab	Data	31	537	1	33.33	2	250	0	0	96	0	0	4	0	0	0	0	0	0	0	0	0	0	0	0	0	0
5577a197d776d10eb83eb422118e614f537cebab	Data	31	537	0	0	2	1614	0	0	100	0	0	0	0	0	0	0	0	0	0	0	0	0	0	0	0	0
f08a06519f504770bedf9180ac9b96e0b4867bf2	Data	31	537	0	0	1	1256	0	0	100	0	0	0	0	0	0	0	0	0	0	0	0	0	0	0	0	0
caf95e7f96c311a80f8b683f1fe613d6e20f0381	Data	31	537	0	0	1	1274	0	0	100	0	0	0	0	0	0	0	0	0	0	0	0	0	0	0	0	0
d7c1383553416b2c76180086c6658adbfee8a336	Data	31	537	0	0	1	1519	0	0	100	0	0	0	0	0	0	0	0	0	0	0	0	0	0	0	0	0
c325439367db93339fa80eb42347889d93ab61b6	Data	31	537	0	0	1	1456	0	0	100	0	0	0	0	0	0	0	0	0	0	0	0	0	0	0	0	0
cedce98d5cd68112039c76dd58e2f34de97c3205	Data	31	537	0	0	1	1472	0	0	100	0	0	0	0	0	0	0	0	0	0	0	0	0	0	0	0	0
c09fe94c6d760dfd2edf63bbe2d22697ee8cc7a2	Data	31	537	0	0	2	1490	0	0	100	0	0	0	0	0	0	0	0	0	0	0	0	0	0	0	0	0
58c48632fe404259d63639f90a58965df7bf3870	Data	31	537	0	0	1	1595	0	0	100	0	0	0	0	0	0	0	0	0	0	0	0	0	0	0	0	0
e1a227d26599fe410cd92866386d4664a1e752b1	Data	31	537	0	0	2	1618	0	0	100	0	0	0	0	0	0	0	0	0	0	0	0	0	0	0	0	0
06ba4cd106d64ea3da0ff6ceb2255e163373cc7e	Data	31	537	0	0	1	148	0	0	100	0	0	0	0	0	0	0	0	0	0	0	0	0	0	0	0	0
f703462c0474650ad8726666af49941a8c2a0a11	Data	31	537	0	0	1	1657	0	0	100	0	0	0	0	0	0	0	0	0	0	0	0	0	0	0	0	0
1435f2d4a5f1223edda0e10b91fd8f4c6f2e05bd	Data	31	537	0	0	1	1617	0	0	100	0	0	0	0	0	0	0	0	0	0	0	0	0	0	0	0	0
99a751ca4e787562177fb93c98df2d8e0d7ed676	Data	31	537	0	0	1	1672	0	0	100	0	0	0	0	0	0	0	0	0	0	0	0	0	0	0	0	0
c458fe84b615c3f42859f9d3a207ef295e6f774b	Go	9	4530	0	0	3	32	0	0	0	93.75	0	0	0	0	0	0	0	0	0	0	0	0	0	0	0	0
6ca60f4cf894aad91129efced94bb34f042cebf6	Go	37	2967	0	0	2	132	0	0	0	96.96	0	0	0	0	0	0	0	0	0	0	0	0	0	0	0	0
8f9a6c36b9c51b864a4b544758fcdb57b451d315	Go	37	2967	0	0	72	2729	0	0	0	93.99	0	0	4.32	0	0	0	0.69	0	0	0	0	0	0	0	0	0
2a4ba7a7432386d3f1651f1f8401a5937951f3a8	Go	37	2967	0	0	6	257	0	0	0	98.05	0	0	1.94	0	0	0	0	0	0	0	0	0	0	0	0	0
f3b0f314c1d18514075929fe294967683641f3b6	Go	37	2967	0	0	50	315	0	0	0	94.92	0	0	0	0	0	0	5.07	0	0	0	0	0	0	0	0	0
05bdb39601dabd182101835a0d1414ef855460e5	Go	37	2967	0	0	10	165	0	0	0	98.18	0	0	0	0	0	0	1.81	0	0	0	0	0	0	0	0	0
66b29899c474abeab6c66060c9ea5bbff85b9efb	Go	9	4530	0	0	2	8	0	0	0	100	0	0	0	0	0	0	0	0	0	0	0	0	0	0	0	0
a86a00a195778a05392abf4f87f1db913cd5b443	Go	9	4530	0	0	6	16	0	0	0	100	0	0	0	0	0	0	0	0	0	0	0	0	0	0	0	0
8d86113ea0db8a92a99e04af2c62d1eae4730b71	Go	9	4530	0	0	4	33	0	0	0	100	0	0	0	0	0	0	0	0	0	0	0	0	0	0	0	0
5d2669dbd35b9449cbbb249dcec89e2a64c90f30	Go	9	4530	0	0	3	35	0	0	0	100	0	0	0	0	0	0	0	0	0	0	0	0	0	0	0	0
df5901fdc58565448629a9bfd5ccecc1c5a5b349	Go	9	4530	0	0	5	14	0	0	0	100	0	0	0	0	0	0	0	0	0	0	0	0	0	0	0	0
2728672c28183da21028379ea5497debe92325b4	Go	9	4530	0	0	1	10	0	0	0	100	0	0	0	0	0	0	0	0	0	0	0	0	0	0	0	0
5159f8f6493bfa3cfb0ee3b1517f4576d4c9d2de	Go	9	4530	0	0	2	39	0	0	0	100	0	0	0	0	0	0	0	0	0	0	0	0	0	0	0	0
9b3ae1fdb7903bc390fcb5c34edddace2a0e1dd8	Go	9	4530	0	0	1	7	0	0	0	100	0	0	0	0	0	0	0	0	0	0	0	0	0	0	0	0
af51dc4d637dbbb0d416032304f84d52d4f6d951	Go	9	4530	0	0	4	45	0	0	0	100	0	0	0	0	0	0	0	0	0	0	0	0	0	0	0	0
bd06091874b24d3b74b6db6741089445f4284a84	Go	9	4530	0	0	1	26	0	0	0	100	0	0	0	0	0	0	0	0	0	0	0	0	0	0	0	0
23bccbbc587aa22057eb7ae29c5b87d44b7cac7d	Go	9	4530	0	0	5	16	0	0	0	100	0	0	0	0	0	0	0	0	0	0	0	0	0	0	0	0
b7e57ca1d029d08d214a098d7aa123201b121774	Go	9	4530	0	0	4	14	0	0	0	100	0	0	0	0	0	0	0	0	0	0	0	0	0	0	0	0
774fa06b7847b2b37bbe1ed9008afe6216be3997	Go	9	4530	0	0	7	22	0	0	0	100	0	0	0	0	0	0	0	0	0	0	0	0	0	0	0	0
5c4e9877ba824dcebc257fa665d9cfe9dd5993b4	Go	9	4530	0	0	1	19	0	0	0	100	0	0	0	0	0	0	0	0	0	0	0	0	0	0	0	0
a9885505ca720ee339a65451a7201710e5d4d831	Go	9	4530	0	0	1	5	0	0	0	100	0	0	0	0	0	0	0	0	0	0	0	0	0	0	0	0
7b230b7ef18391ded47caec65fae132490f6712d	Go	9	4530	0	0	2	36	0	0	0	100	0	0	0	0	0	0	0	0	0	0	0	0	0	0	0	0
2abeb35d5425d72c2f7fdfe4209f7a94fac52a8e	Go	9	4530	0	0	7	38	0	0	0	100	0	0	0	0	0	0	0	0	0	0	0	0	0	0	0	0
8812c4d3f9f57edff6706608b93a1c5567e57d9f	Go	9	4530	0	0	5	49	0	0	0	100	0	0	0	0	0	0	0	0	0	0	0	0	0	0	0	0
f763846e6e30105183a4fcb1b333724e8e1f7681	Go	9	4530	0	0	2	5	0	0	0	100	0	0	0	0	0	0	0	0	0	0	0	0	0	0	0	0
855ff8f1de6d492b98049e17740ecf4702a37ce8	Go	11	111285	0	0	1	1	0	0	0	100	0	0	0	0	0	0	0	0	0	0	0	0	0	0	0	0
47a7fe5d22fe2a6be783f6576070814fe951eaaf	Go	37	2967	0	0	10	2010	0	0	0	100	0	0	0	0	0	0	0	0	0	0	0	0	0	0	0	0
0ed1a8b50a9b9726cd57a2731d0405f6949c6188	Go	37	2967	0	0	19	112	0	0	0	100	0	0	0	0	0	0	0	0	0	0	0	0	0	0	0	0
e89a2f66705fd4078d552c9180ef5643381dfe3a	Go	37	2967	0	0	3	60	0	0	0	100	0	0	0	0	0	0	0	0	0	0	0	0	0	0	0	0
9e1689df9cdb5e0043a7e3ed104d9aa77fe44229	Go	37	2967	0	0	3	126	0	0	0	100	0	0	0	0	0	0	0	0	0	0	0	0	0	0	0	0
5c9fec30c1af4da52e49d012f1ea7162644d9bf9	Go	37	2967	0	0	7	53	0	0	0	100	0	0	0	0	0	0	0	0	0	0	0	0	0	0	0	0
ba0a8b7887cbaea861dca3f1408e59b88c174815	Go	37	2967	0	0	2	60	0	0	0	100	0	0	0	0	0	0	0	0	0	0	0	0	0	0	0	0
438fd039dd308a8ff072fb32bed3fcc2ddb74aca	Go	37	2967	0	0	20	316	0	0	0	100	0	0	0	0	0	0	0	0	0	0	0	0	0	0	0	0
65ecc5e2eb7279f267d35bab4b1b76f8f0031688	Go	37	2967	0	0	11	146	0	0	0	100	0	0	0	0	0	0	0	0	0	0	0	0	0	0	0	0
23735b7b758a85eed56eda0cf1c0774cd71777d7	Go	37	2967	0	0	6	97	0	0	0	100	0	0	0	0	0	0	0	0	0	0	0	0	0	0	0	0
f68ca2b6e6b3dafb9f40f5c73ecca3168eb5a090	Go	37	2967	0	0	1	79	0	0	0	100	0	0	0	0	0	0	0	0	0	0	0	0	0	0	0	0
f2faeb6ae02be589674d5874483f74f114c7e39e	Go	37	2967	0	0	4	90	0	0	0	100	0	0	0	0	0	0	0	0	0	0	0	0	0	0	0	0
deb8b1145f75ca94e27efeea5a7e0f56483fca71	Go	37	2967	0	0	20	135	0	0	0	100	0	0	0	0	0	0	0	0	0	0	0	0	0	0	0	0
8d7e6062ece1550936065aa8a8f8c7aacc584810	Go	37	2967	0	0	15	560	0	0	0	100	0	0	0	0	0	0	0	0	0	0	0	0	0	0	0	0
e798f221dd9d6aaffaa709d559f01a41447e4896	Go	37	2967	0	0	3	240	0	0	0	100	0	0	0	0	0	0	0	0	0	0	0	0	0	0	0	0
1774ec5006adc42288ed37c6d6ca7708feece04a	Go	37	2967	0	0	6	170	0	0	0	100	0	0	0	0	0	0	0	0	0	0	0	0	0	0	0	0
054a1db2667b5fc3f57a392173933d4571f68451	Interface	36	5890	0	14.28	7	20	0	0	0	0	75	15	0	0	0	0	0	0	0	0	0	0	0	0	0	0
223781db9147801be81419a2beb2185a03f1e29f	Interface	36	5890	0	0	5	12	0	0	0	0	91.66	0	0	0	0	0	0	0	0	0	0	0	0	0	0	0
6513905c7892f92d5412dbe72f7ff23da9de7b70	Interface	38	785	2	0.53	186	5727	0.13	0	0	0	76.16	9.6	5.95	0	0.33	0	0.47	0	0	0	0	0	0	2.75	0	1.44
f72fe9ddcd14c91e327b9b413e6fbfdf69b06883	Interface	26	4095	2	33.33	10	79	0	0	0	0	55.69	41.77	0	0	0	0	0	0	0	0	0	0	0	0	0	0
9509f4bebe8c9ad35edf3bd5468f6a05a89f89e8	Interface	36	5890	0	0	6	24	0	0	0	0	83.33	0	0	0	0	0	0	0	16.66	0	0	0	0	0	0	0
cf978085c5af2032b3c8ed8dbadfabe7c0aca000	Interface	23	18039	0	0	4	12	0	0	0	0	33.33	66.66	0	0	0	0	0	0	0	0	0	0	0	0	0	0
b30fcf0c4b02d1214db6293c0297240da1cbe518	Interface	26	4095	0	0	6	41	0	0	0	0	34.14	65.85	0	0	0	0	0	0	0	0	0	0	0	0	0	0
7605eb7f1798e156ee43bb8c449722c50b858309	Interface	26	4095	0	0	4	161	0	0	0	0	34.78	65.21	0	0	0	0	0	0	0	0	0	0	0	0	0	0
a854ba2454386d8be8e23aa13cdff6ce1d37e0b5	Interface	26	4095	0	0	4	209	0	0	0	0	34.92	65.07	0	0	0	0	0	0	0	0	0	0	0	0	0	0
f8fd5bb76fee4b61679c292efe23bd627bfd5b57	Interface	36	5890	0	0	4	11	0	0	0	0	72.72	27.27	0	0	0	0	0	0	0	0	0	0	0	0	0	0
b48f3cc89d64b84edda8fb5faadf888d5d0d14eb	Interface	26	4095	0	0	11	45	0	0	0	0	77.77	22.22	0	0	0	0	0	0	0	0	0	0	0	0	0	0
4ad7dfa95034626524e06821cf5c9c3741fa030a	Interface	26	4095	0	0	4	53	0	0	0	0	81.13	18.86	0	0	0	0	0	0	0	0	0	0	0	0	0	0
16fb84e4ffcd2dce506138f91a092cbd9fa3f772	Interface	26	4095	0	0	5	62	0	0	0	0	82.25	17.74	0	0	0	0	0	0	0	0	0	0	0	0	0	0
a5dcd8290a2bb4f61c1bab9d6162747e501b025d	Interface	36	5890	0	0	2	43	0	0	0	0	93.02	6.97	0	0	0	0	0	0	0	0	0	0	0	0	0	0
d58b794cba8c12fe719779e82d33bb273e1b5fa7	Interface	36	5890	0	0	2	34	0	0	0	0	94.11	5.88	0	0	0	0	0	0	0	0	0	0	0	0	0	0
62537656e484bc6f2e5b25995aada8db87c14c71	Interface	36	5890	0	0	3	23	0	0	0	0	86.95	0	0	0	0	0	0	0	13.04	0	0	0	0	0	0	0
13e7b0bb6e1eec2d7c75fc02070454194dbea770	Interface	24	1922	0	0	17	237	0	0	0	0	94.09	0	0	0	0	0	0	0	5.9	0	0	0	0	0	0	0
5bac951c6674695f002db0c87526d04ce89fa779	Interface	26	4095	0	0	7	113	0	0	0	0	34.51	59.29	6.19	0	0	0	0	0	0	0	0	0	0	0	0	0
a021fb3f13fc5485e06484b1185b488e159fac39	Interface	26	4095	0	0	7	124	0	0	0	0	33.87	66.12	0	0	0	0	0	0	0	0	0	0	0	0	0	0
ed055034e3f0ce259dd9a9d8681647c0de225fae	Interface	26	4095	0	0	4	29	0	0	0	0	48.27	51.72	0	0	0	0	0	0	0	0	0	0	0	0	0	0
ff34e263efdf4fe55522002007decbb30c164e1f	Interface	26	4095	0	0	2	45	0	0	0	0	51.11	48.88	0	0	0	0	0	0	0	0	0	0	0	0	0	0
7735fd0ea58755b416ea0ca50fa02bc12891fb87	Interface	36	5890	0	0	4	23	0	0	0	0	60.86	39.13	0	0	0	0	0	0	0	0	0	0	0	0	0	0
8efbe74e51f99f4b4960b39cc10ebea107057f8a	Interface	36	5890	0	0	3	11	0	0	0	0	63.63	36.36	0	0	0	0	0	0	0	0	0	0	0	0	0	0
01655c883ac21aa3417e574ce4acf46107d847b0	Interface	36	5890	0	0	4	33	0	0	0	0	84.84	15.15	0	0	0	0	0	0	0	0	0	0	0	0	0	0
6e4fb338aeb050c2f572062f27576efe273abdde	Interface	24	1922	0	0	3	56	0	0	0	0	75	0	0	0	0	0	0	0	25	0	0	0	0	0	0	0
95ad5d30ddc8914c028c799ce735759f16dfa5c9	Interface	26	4095	0	0	6	48	0	0	0	0	37.5	37.5	25	0	0	0	0	0	0	0	0	0	0	0	0	0
b0a827b9dfaca7cb2fcf45168d39b9126cde5c1e	Interface	2	29623	0	0	1	3	0	0	0	0	100	0	0	0	0	0	0	0	0	0	0	0	0	0	0	0
27cc2d58f6378dbae4c7675a2c90168c3f8ec6b4	Interface	2	29623	0	0	1	3	0	0	0	0	100	0	0	0	0	0	0	0	0	0	0	0	0	0	0	0
5ca7a75459e01b53255592bf4457307353de3675	Interface	24	1922	0	0	32	483	0	0	0	0	100	0	0	0	0	0	0	0	0	0	0	0	0	0	0	0
7b89da491c602cf5d31e2588e148eae4b34262d3	Interface	36	5890	0	0	2	14	0	0	0	0	100	0	0	0	0	0	0	0	0	0	0	0	0	0	0	0
bc0c67d6ee2d1299d2cf53ec25f7102e90c72dea	Interface	36	5890	0	0	3	88	0	0	0	0	100	0	0	0	0	0	0	0	0	0	0	0	0	0	0	0
7e7f770a6ed04a19537c3521cf029edf303a08be	Interface	36	5890	0	0	7	42	0	0	0	0	100	0	0	0	0	0	0	0	0	0	0	0	0	0	0	0
4fa3f24bce8375d8dccd78a7e357a0349714a561	Interface	36	5890	0	0	1	11	0	0	0	0	100	0	0	0	0	0	0	0	0	0	0	0	0	0	0	0
7626668eafa250e79348e2e18f8298106c9b0119	Interface	36	5890	0	0	1	10	0	0	0	0	100	0	0	0	0	0	0	0	0	0	0	0	0	0	0	0
21ccf2b488b26360515f227cf24d1e7d9df0d2eb	Interface	36	5890	0	0	2	12	0	0	0	0	100	0	0	0	0	0	0	0	0	0	0	0	0	0	0	0
3a8d332cb72bdf420ac280ec3d92d534e378c3c4	Interface	36	5890	0	0	2	27	0	0	0	0	100	0	0	0	0	0	0	0	0	0	0	0	0	0	0	0
0d06857eb0d797fa3832a04dbf2557d7cdb1a6ec	Interface	36	5890	0	0	2	19	0	0	0	0	100	0	0	0	0	0	0	0	0	0	0	0	0	0	0	0
f76bee452ee7aa96b2066a6e53195486283b18cc	Javascript	21	2886	0	0	20	720	0	0	0	0	0	77.08	1.38	0	0	0	0	0	0	0	0	0	0	0	0	0
d338ea2591f724e485aa84c824268371e77a6ad4	Javascript	3	11391	0	0	10	51	0	0	0	0	0	92.15	0	0	0	0	0	0	0	0	0	0	0	0	0	0
42f5d2483f6d45ad8feb74655debb35dad5a5942	Javascript	23	18039	0	0	4	17	0	0	0	0	0	94.11	0	0	0	0	0	0	0	0	0	0	0	0	0	0
9d732c5e80b5f89f4b6fa25cc4c791c46fb8fda9	Javascript	38	785	58	14.83	333	18124	0	0	0	0	0	88.65	7.65	0	0.07	0	0	0	0	0	0	0	0	0	0	0.01
41b63809d81b6490fdc07d5862f1d584374d1159	Javascript	13	1937	5	0	12	42	0	0	0	0	0	45.23	52.38	0	0	0	0	0	0	0	0	0	0	0	0	0
8b91502ab5734d9b632e5329e50061f08a6312bd	Javascript	21	2886	0	0	21	267	0	0	0	0	0	98.12	0.74	0	0	0	0	0	0	0	0	0	0	0	0	0
2a6b3b8f0ab760f370010b5c060e06787d8a2946	Javascript	26	4095	0	0	11	655	0	0	0	0	6.56	90.38	0	0	0	0	0	0	2.9	0	0	0	0	0	0	0
be1e56575279958093914850467e66853010eb3f	Javascript	13	1937	0	0	25	971	0	0	0	0	0	93.92	5.97	0	0	0	0	0	0	0	0	0	0	0	0	0
7b1403c8546c09f657bc68cf6307f02641c67899	Javascript	21	2886	0	0	81	6742	0	0	0	0	0	99.92	0	0	0	0	0	0	0	0	0	0	0	0	0	0
6465a3dba670f0a7904a1f78f4521dc864a80cd1	Javascript	21	2886	0	0	34	361	0	0	0	0	0	99.16	0.55	0	0	0	0.27	0	0	0	0	0	0	0	0	0
8b2d11888f1ccd159a1bbf695a0419d733cfaa74	Javascript	3	11391	0	0	8	42	0	0	0	0	0	73.8	4.76	0	21.42	0	0	0	0	0	0	0	0	0	0	0
e64d0d91b656e57420fd633e346ffbaaab72a1f0	Javascript	21	2886	0	0	11	166485	0	0	0	0	0	88.63	0	0	11.35	0	0	0	0	0	0	0	0	0	0	0
5ed7b1daf5968ce2f43d1044370026ce21824d48	Javascript	21	2886	0	0	16	271	0	0	0	0	0	96.3	0.36	0	3.32	0	0	0	0	0	0	0	0	0	0	0
fb2c9001067f49fa8d64e381d790ea8f16fac341	Javascript	13	1937	0	0	48	1372	0	0	0	0	0	87.31	12.02	0	0	0	0.58	0	0	0	0	0	0	0	0	0.07
38baa9361fc16c022193e378e633e05eea0ce155	Javascript	21	2886	0	0	30	584	0	0	0	0	0	99.82	0	0	0	0	0.17	0	0	0	0	0	0	0	0	0
7f1a3fa636e5a495d55de4a052fedebe37381c6c	Javascript	13	1937	0	0	15	403	0	0	0	0	0	82.63	9.18	0	8.18	0	0	0	0	0	0	0	0	0	0	0
f317fdb0b9091fee3c8446fd6b59b029d6301564	Javascript	13	1937	0	0	3	133	0	0	0	0	0	20.3	79.69	0	0	0	0	0	0	0	0	0	0	0	0	0
371e81af1cd9282cd070de9871bcf95e2669ac97	Javascript	30	4935	0	0	3	11	0	0	0	0	0	27.27	72.72	0	0	0	0	0	0	0	0	0	0	0	0	0
1491f5a3cc41bd09e5de0bdea850017272c18aa2	Javascript	13	1937	0	0	3	90	0	0	0	0	0	27.77	72.22	0	0	0	0	0	0	0	0	0	0	0	0	0
cb33fec65f1f8e89cbb57431d393740104a817fd	Javascript	13	1937	0	0	10	926	0	0	0	0	0	30.66	69.33	0	0	0	0	0	0	0	0	0	0	0	0	0
8c169f8a2493f981a11c350f254cde353363357c	Javascript	13	1937	0	0	24	68	0	0	0	0	0	47.05	52.94	0	0	0	0	0	0	0	0	0	0	0	0	0
59b999e612eac0c26631e787f40e2efed49cce02	Javascript	23	18039	0	0	3	37	0	0	0	0	0	62.16	37.83	0	0	0	0	0	0	0	0	0	0	0	0	0
0eab6975baf30308ed415bc45b953e4832bc117b	Javascript	21	2886	0	0	14	506	0	0	0	0	0	98.41	1.58	0	0	0	0	0	0	0	0	0	0	0	0	0
bd11758cd4cfe39ecfbf732f15b7c51dfe9cab02	Javascript	21	2886	6	25	18	809	0	0	0	0	0	98.64	1.35	0	0	0	0	0	0	0	0	0	0	0	0	0
6277636aa686117145d00e696438cfa76170011f	Javascript	3	11391	0	0	4	90	0	0	0	0	0	98.88	1.11	0	0	0	0	0	0	0	0	0	0	0	0	0
989879a0477d2901eb65f5e100065ecaf3a39f03	Javascript	3	11391	0	0	6	74	0	0	0	0	1.35	98.64	0	0	0	0	0	0	0	0	0	0	0	0	0	0
31ce4595e76b41835a689653ddeff8fbef48c112	Javascript	26	4095	0	0	3	45	0	0	0	0	11.11	88.88	0	0	0	0	0	0	0	0	0	0	0	0	0	0
27ba34e60a036d394e891b121df8c7e4204237d7	Javascript	26	4095	0	0	2	336	0	0	0	0	26.78	73.21	0	0	0	0	0	0	0	0	0	0	0	0	0	0
b272ecf74e515162f5597b70f6b4c7c3e7de9ef0	Javascript	38	785	0	0	7	57725	0	0	0	0	0	0.26	79.45	0	20.28	0	0	0	0	0	0	0	0	0	0	0
d7d569481d81c37eb9c2cc33797e2288f4c5fcf4	Javascript	13	1937	2	33.33	4	280	0	0	0	0	0	28.57	71.42	0	0	0	0	0	0	0	0	0	0	0	0	0
bddedd849b0361f42373d5cdb91a1f9388e8230c	Javascript	26	4095	0	0	25	131	0	0	0	0	11.45	88.54	0	0	0	0	0	0	0	0	0	0	0	0	0	0
84020c492dea970630616c6e8fafc6d18ec7cca6	Javascript	23	18039	0	0	3	10	0	0	0	0	0	90	10	0	0	0	0	0	0	0	0	0	0	0	0	0
6a47d588824fcd4d1c9573aeb5874a1ae03511e8	Javascript	1	19072	0	0	2	9	0	0	0	0	0	100	0	0	0	0	0	0	0	0	0	0	0	0	0	0
a3fe33eaf25a75b2b3973873177646a732ad61fe	Javascript	1	19072	0	0	2	6	0	0	0	0	0	100	0	0	0	0	0	0	0	0	0	0	0	0	0	0
21b5dfe297fcdd4d6b258e99122edb33198f8e6f	Javascript	1	19072	0	0	3	9	0	0	0	0	0	100	0	0	0	0	0	0	0	0	0	0	0	0	0	0
2494ce94fe9890614538e80cbbc9bdb65faed83e	Javascript	1	19072	0	0	1	4	0	0	0	0	0	100	0	0	0	0	0	0	0	0	0	0	0	0	0	0
6fd73c2d1128a81a4076e0d8899c3333f5785fb5	Javascript	1	19072	0	0	2	7	0	0	0	0	0	100	0	0	0	0	0	0	0	0	0	0	0	0	0	0
4cbc70c70efd9207eac7c39dcb9bd7540504d9b1	Javascript	1	19072	0	0	3	3	0	0	0	0	0	100	0	0	0	0	0	0	0	0	0	0	0	0	0	0
02d46c77bb4eb6cda40ec1e77fc8797d969ba47f	Javascript	1	19072	0	0	1	6	0	0	0	0	0	100	0	0	0	0	0	0	0	0	0	0	0	0	0	0
1a7aafb33466184e8ea178666f59501c600437e6	Javascript	1	19072	0	0	1	5	0	0	0	0	0	100	0	0	0	0	0	0	0	0	0	0	0	0	0	0
3b46bc5251d77ff6c468aaf3d536d6faf0921afa	Javascript	1	19072	0	0	1	3	0	0	0	0	0	100	0	0	0	0	0	0	0	0	0	0	0	0	0	0
b4410744836e3573f49c5f45e0ee97b12c44556f	Javascript	1	19072	0	0	1	3	0	0	0	0	0	100	0	0	0	0	0	0	0	0	0	0	0	0	0	0
8785cd9ec0dccda07d176354efc14638775b7a4a	Javascript	1	19072	0	0	15	5	0	0	0	0	0	100	0	0	0	0	0	0	0	0	0	0	0	0	0	0
b38be2a8ab3025b6215aea65ffc78be26bf08b44	Javascript	1	19072	0	0	1	7	0	0	0	0	0	100	0	0	0	0	0	0	0	0	0	0	0	0	0	0
3b4969653e93681298b54485c631084558e2b714	Javascript	1	19072	0	0	1	2	0	0	0	0	0	100	0	0	0	0	0	0	0	0	0	0	0	0	0	0
31e642ee6d59da8ec0cf01d79bfadf6f8160da0a	Javascript	1	19072	0	0	2	2	0	0	0	0	0	100	0	0	0	0	0	0	0	0	0	0	0	0	0	0
1824b110361fa62baeaa72ca7529e821fe987ca6	Javascript	1	19072	0	0	1	3	0	0	0	0	0	100	0	0	0	0	0	0	0	0	0	0	0	0	0	0
2689f2578f2f31be1a33206b764427b19c868cf0	Javascript	1	19072	0	0	1	5	0	0	0	0	0	100	0	0	0	0	0	0	0	0	0	0	0	0	0	0
3ec8fa63783cc8c860d7faa0b65323c522e6656b	Javascript	1	19072	0	0	1	2	0	0	0	0	0	100	0	0	0	0	0	0	0	0	0	0	0	0	0	0
f3d6530ff4e8bf0a0b6c2ba47c0ab4dbd75b603d	Javascript	1	19072	0	0	1	3	0	0	0	0	0	100	0	0	0	0	0	0	0	0	0	0	0	0	0	0
2f06dc2de04fc7377a933e2614d035c1ed4f1c91	Javascript	1	19072	0	0	1	2	0	0	0	0	0	100	0	0	0	0	0	0	0	0	0	0	0	0	0	0
e0666f7b6ecedbe5c889f8211395f60ca4e5c7a2	Javascript	3	11391	0	0	4	49	0	0	0	0	0	100	0	0	0	0	0	0	0	0	0	0	0	0	0	0
47eb57cdaa7affbfc2f1ffb3aefc49d2711a96e4	Javascript	3	11391	0	0	3	150	0	0	0	0	0	100	0	0	0	0	0	0	0	0	0	0	0	0	0	0
fdbc69206469af5ac5cb30bee5a364d35609d7b9	Javascript	3	11391	0	0	3	62	0	0	0	0	0	100	0	0	0	0	0	0	0	0	0	0	0	0	0	0
be02e63cf94184b63a5ad09f386fce154209f482	Javascript	3	11391	0	0	2	63	0	0	0	0	0	100	0	0	0	0	0	0	0	0	0	0	0	0	0	0
7588397fb8ecc62e7e494479e1e190c4aa01aa7c	Javascript	3	11391	0	0	3	55	0	0	0	0	0	100	0	0	0	0	0	0	0	0	0	0	0	0	0	0
af970b5bdfc55c52b845698e1de491449b3bd3ee	Javascript	3	11391	0	0	5	80	0	0	0	0	0	100	0	0	0	0	0	0	0	0	0	0	0	0	0	0
9b93b96b2271dc1d74811c90312f90708d860166	Javascript	3	11391	0	0	2	119	0	0	0	0	0	100	0	0	0	0	0	0	0	0	0	0	0	0	0	0
9d7a3d87317f53c33e22a821a220929d7d079053	Javascript	3	11391	0	0	3	58	0	0	0	0	0	100	0	0	0	0	0	0	0	0	0	0	0	0	0	0
a1787a207eb31f53b41ab8f4da340d16333b9558	Javascript	3	11391	0	0	5	256	0	0	0	0	0	100	0	0	0	0	0	0	0	0	0	0	0	0	0	0
b3e0f6f5c9b6d98f31c456111283c68eeab8b105	Javascript	3	11391	0	0	1	313	0	0	0	0	0	100	0	0	0	0	0	0	0	0	0	0	0	0	0	0
c7cd9cdfbfe0233e5a33026e66d9013160b5fba7	Javascript	3	11391	0	0	2	110	0	0	0	0	0	100	0	0	0	0	0	0	0	0	0	0	0	0	0	0
b7cb4f7f48e86fd7fe681e5ab4771700e3ce0e26	Javascript	3	11391	0	0	2	123	0	0	0	0	0	100	0	0	0	0	0	0	0	0	0	0	0	0	0	0
16fc0aef0340170df1143582c73e51941a65d437	Javascript	3	11391	0	0	9	113	0	0	0	0	0	100	0	0	0	0	0	0	0	0	0	0	0	0	0	0
2dcc6ec439e9289ac41959104233d1f22e914048	Javascript	11	111285	0	0	1	1	0	0	0	0	0	100	0	0	0	0	0	0	0	0	0	0	0	0	0	0
e77dcaf60a0269486bb4c1baf9fec7657c54b0d3	Javascript	11	111285	0	0	1	1	0	0	0	0	0	100	0	0	0	0	0	0	0	0	0	0	0	0	0	0
fdac6d8039c9a6188a2ebd5bcd2bd010cae31734	Javascript	21	2886	0	0	23	205	0	0	0	0	0	100	0	0	0	0	0	0	0	0	0	0	0	0	0	0
06f0854fce048c0145a72f3c83c04108f1c71bbe	Javascript	21	2886	0	0	20	321	0	0	0	0	0	100	0	0	0	0	0	0	0	0	0	0	0	0	0	0
0b6aacb517cda7c0378aa5e2745ab9a370bba27d	Javascript	21	2886	0	0	2	1134	0	0	0	0	0	100	0	0	0	0	0	0	0	0	0	0	0	0	0	0
f9166883bf6f166541ac17588570ef26427d3f05	Javascript	21	2886	0	0	26	2477	0	0	0	0	0	100	0	0	0	0	0	0	0	0	0	0	0	0	0	0
c7ae6621a914b76110f741c004a48648cb9a7692	Javascript	21	2886	0	0	5	426	0	0	0	0	0	100	0	0	0	0	0	0	0	0	0	0	0	0	0	0
e9dcb3870c2504593fda756fa9717f63c61a489b	Javascript	21	2886	0	0	28	541	0	0	0	0	0	100	0	0	0	0	0	0	0	0	0	0	0	0	0	0
d9dad3566a3a0732c5349d6edd99c5895ff8748b	Javascript	21	2886	0	0	37	194	0	0	0	0	0	100	0	0	0	0	0	0	0	0	0	0	0	0	0	0
bccb56a18188d4b966107d7811abe633b20941ce	Javascript	21	2886	0	0	14	269	0	0	0	0	0	100	0	0	0	0	0	0	0	0	0	0	0	0	0	0
ffe4d611b49ac2c1d99be31f325ff00718e8850a	Javascript	21	2886	0	0	25	249	0	0	0	0	0	100	0	0	0	0	0	0	0	0	0	0	0	0	0	0
e636063d1b483925d618f51a83cd2b74d0f144d3	Javascript	23	18039	0	0	3	36	0	0	0	0	0	100	0	0	0	0	0	0	0	0	0	0	0	0	0	0
7dfc0023c4b12d735629cf9101063a7d53194477	Javascript	23	18039	0	0	2	29	0	0	0	0	0	100	0	0	0	0	0	0	0	0	0	0	0	0	0	0
c25d1e922444edf89ac9b0034b922582523a6b1b	Javascript	23	18039	0	0	3	21	0	0	0	0	0	100	0	0	0	0	0	0	0	0	0	0	0	0	0	0
50bc15f9d11804cb0369488430faa3c6c71259e2	Javascript	23	18039	0	0	3	16	0	0	0	0	0	100	0	0	0	0	0	0	0	0	0	0	0	0	0	0
13a81c05bd163e351151386f9084642c7c9960db	Javascript	23	18039	0	0	4	22	0	0	0	0	0	100	0	0	0	0	0	0	0	0	0	0	0	0	0	0
6eff6883af398708c62519d37accc8061431fbbd	Javascript	23	18039	0	0	1	28	0	0	0	0	0	100	0	0	0	0	0	0	0	0	0	0	0	0	0	0
b1e11263b3f7f9f4f68f1736bafbec6a529e2377	Javascript	23	18039	0	0	2	36	0	0	0	0	0	100	0	0	0	0	0	0	0	0	0	0	0	0	0	0
36dbb6c124335e08ac672a7eb3dfa83266a76fd9	Javascript	23	18039	0	0	2	17	0	0	0	0	0	100	0	0	0	0	0	0	0	0	0	0	0	0	0	0
1bcde4dc4dfb887a48a965459057fd104f57138c	Javascript	23	18039	0	0	2	12	0	0	0	0	0	100	0	0	0	0	0	0	0	0	0	0	0	0	0	0
38a8358762a9d7cf1f6744492847506a4205202f	Javascript	23	18039	0	0	4	11	0	0	0	0	0	100	0	0	0	0	0	0	0	0	0	0	0	0	0	0
59834220c1db73b276ad606a5a292735b40eef4e	Javascript	23	18039	0	0	4	20	0	0	0	0	0	100	0	0	0	0	0	0	0	0	0	0	0	0	0	0
006da27e91a0140d9f24e37189ae35ebb144b3de	Javascript	23	18039	0	0	2	20	0	0	0	0	0	100	0	0	0	0	0	0	0	0	0	0	0	0	0	0
85529d2197d52cbf8d43b7a1dd9dbaa715d59d34	Javascript	23	18039	0	0	1	20	0	0	0	0	0	100	0	0	0	0	0	0	0	0	0	0	0	0	0	0
64007d12e84271dcb27ad08bc961481d30485d0f	Javascript	23	18039	0	0	4	26	0	0	0	0	0	100	0	0	0	0	0	0	0	0	0	0	0	0	0	0
e125f30c55889c826fbc27aff5332d506ed6557b	Javascript	23	18039	0	0	1	27	0	0	0	0	0	100	0	0	0	0	0	0	0	0	0	0	0	0	0	0
ac65900345d8efd654bccee30cb9b052b0ccae1e	Javascript	23	18039	0	0	5	31	0	0	0	0	0	100	0	0	0	0	0	0	0	0	0	0	0	0	0	0
d1b5c9578b5ec4b8a5d1afabc10992d1cee3da31	JSON	30	4935	0	0	6	11	0	0	0	0	0	0	90.9	0	0	0	0	0	0	0	0	0	0	0	0	0
71efddb4e1cdb3bdca7e484bad9991136cdc67e9	JSON	13	1937	0	0	6	239	0	0	0	0	0	8.78	90.37	0	0	0	0	0	0	0	0	0	0	0	0	0
a6c8c04833220f0ad1382cec9de163a5c881a7e1	JSON	38	785	2	0	49	50717	0	0	0	0	0.15	0.99	98.23	0	0	0	0.17	0	0	0	0	0	0.34	0	0	0
89b1757850dc1ada6b0b85a7acf3bb6b05a2025a	JSON	38	785	2	0	34	51622	0	0	0	0	0.15	0.68	98.58	0	0	0	0.17	0	0	0	0	0	0.31	0	0	0
765def0b81bd88e617e6bce1bc7e8249fa27139e	JSON	38	785	0	0	4	17245	0	0	0	0	0	0.09	99.84	0	0	0	0	0	0	0	0	0	0	0	0	0
3c80e26bf861931dc7f55c1c576fd316768055a5	JSON	38	785	0	0	8	27787	0	0	0	0	0	0.28	99.54	0	0	0	0.05	0	0	0	0	0	0.07	0	0	0
38ccfc635ea62e60283baafac15ebc0977098e58	JSON	38	785	8	14.28	48	28912	0	0	0	0	0	0.68	99.17	0	0	0	0.11	0	0	0	0	0	0	0	0	0
64ee6af13946737ea41b2359aec8607508160eb5	JSON	8	2151	0	0	5	850	0	0	0	0	0	0	99.41	0	0	0	0.35	0	0.11	0	0	0	0	0	0	0.11
89f252102540700c653f7716ed4291c78d02e856	JSON	38	785	1	0	12	52566	0	0	0	0	0	0.25	99.63	0	0	0	0.07	0	0	0	0	0	0	0	0	0.03
32879d3272a26a91ed122901a29fd06ff432d10d	JSON	38	785	1	0	11	2333	0	0	0	0	0	6.25	91.12	0	0	0	0	0	0	0	0	0	2.61	0	0	0
88127d528bc64258475876525fac0f31bfebe0f3	JSON	38	785	1	0	8	8058	0	0	0	0	0	2.81	95.44	0	0	0	0	0	0	0	0	0	1.73	0	0	0
fddaa847cb39078a677463eff10cae54e112dfc0	JSON	38	785	0	0	20	15159	0	0	0	0	0.31	2.56	96.49	0	0	0	0	0	0	0	0	0	0.62	0	0	0
663bbdf9b7b4dc4bb37ce2937756db08b52b2909	JSON	38	785	0	0	90	387350	0	0	0	0	0	0.04	99.83	0	0	0	0	0	0	0	0	0	0.11	0	0	0
10eb3d4690cbc2fae3ec733d92cb084841220c2c	JSON	8	2151	0	0	3	677	0	0	0	0	0	0	96.75	0	0	0	0	0	0	0	0	0	3.24	0	0	0
ed71299af3aac88fb43cc5f663ed0667364bedea	JSON	38	785	0	0	110	52403	0	0	0	0	0	0.2	99.74	0	0	0	0	0	0	0	0	0	0.05	0	0	0
789ad71788e80ccc11b3da7276f10197c4872149	JSON	30	4935	0	0	4	98	0	0	0	0	0	0	84.69	0	0	0	0	0	15.3	0	0	0	0	0	0	0
5a491527c5fd831cb54afb793ef5e8d7701452d4	JSON	8	2151	0	0	5	632	0	0	0	0	0	1.74	95.41	0	0	0	2.84	0	0	0	0	0	0	0	0	0
cc5e621fc4d80269c335001528667e668ae267ee	JSON	38	785	0	0	237	10825	0	0	0	0	0	0.05	99.94	0	0	0	0	0	0	0	0	0	0	0	0	0
1158266175d19974432d0fc15f7aa2e660c1e01e	JSON	38	785	3	44.44	6	5907	0	0	0	0	0	2.28	97.71	0	0	0	0	0	0	0	0	0	0	0	0	0
4caf72d0c9b8709f6d741f0aa4992d27b37441db	JSON	38	785	0	0	42	20126	0	0	0	0	0	2.75	97.24	0	0	0	0	0	0	0	0	0	0	0	0	0
f28289c3015928efaa2424eeaf8387ba8dc1a975	JSON	38	785	0	0	7	3207	0	0	0	0	0.28	4.3	95.41	0	0	0	0	0	0	0	0	0	0	0	0	0
4b24c795599e7a5c5da99563465256d0b3737bfa	JSON	8	2151	0	0	22	283	0	0	0	0	0	0	92.93	0	0	0	0	0	0	0	0	0	7.06	0	0	0
ae35a58124852eda9a5e6bf67f9976198d2f9c0f	JSON	8	2151	0	0	4	1178	0	0.59	0	0	0	0	98.47	0	0	0	0	0	0	0	0	0	0.93	0	0	0
760d2ae8da5b2fee0492e6a149323ebdccd93188	JSON	8	2151	0	0	45	12447	0	0	0	0	0	0	99.98	0	0	0	0.01	0	0	0	0	0	0	0	0	0
203e76674d7fd90dd39a7da3e86c49287877bb37	JSON	8	2151	0	0	2	25487	0	0	0	0	0	0.01	99.98	0	0	0	0	0	0	0	0	0	0	0	0	0
81129c942e05aa4fd56822afba5960a8e57dbc64	JSON	38	785	0	0	13	51496	0	0	0	0	0.04	0.14	99.81	0	0	0	0	0	0	0	0	0	0	0	0	0
c833af92020352aa0b2129f006cdcd1cd994c95a	JSON	8	2151	0	0	3	1688	0	0	0	0	0	1.59	98.4	0	0	0	0	0	0	0	0	0	0	0	0	0
4ca805bbe58a01610044a9604bcc409c153be6ba	JSON	8	2151	0	0	5	1193	0	0	0	0	0	1.76	98.23	0	0	0	0	0	0	0	0	0	0	0	0	0
ab192acc4fe57907ab08cc1c08db4df9374a5be1	JSON	13	1937	0	0	31	513	0	0	0	0	0	5.45	94.54	0	0	0	0	0	0	0	0	0	0	0	0	0
c1a0134c0a9b666245b677c6ecd67f3b278906ab	JSON	30	4935	0	0	3	33	0	0	0	0	0	9.09	90.9	0	0	0	0	0	0	0	0	0	0	0	0	0
049cccb1899096c432c94881a8d9634577852437	JSON	2	29623	0	0	2	4	0	0	0	0	0	0	100	0	0	0	0	0	0	0	0	0	0	0	0	0
ad28f866e9f12c3a86f1f739e215d4ef26333041	JSON	8	2151	0	0	2	6133	0	0	0	0	0	0	100	0	0	0	0	0	0	0	0	0	0	0	0	0
2985e1a45a86e4cd72998ead11d2c9cec0aa1c76	JSON	8	2151	0	0	2	684	0	0	0	0	0	0	100	0	0	0	0	0	0	0	0	0	0	0	0	0
020020dd324e49772adcc2ad31bfae1a41856207	JSON	8	2151	0	0	3	310	0	0	0	0	0	0	100	0	0	0	0	0	0	0	0	0	0	0	0	0
3595fa216820dd509ded72a580d1c34ca69f099f	JSON	8	2151	0	0	2	532	0	0	0	0	0	0	100	0	0	0	0	0	0	0	0	0	0	0	0	0
2a61611c4fe2db9ef4466e11712c9ffd73636c15	JSON	8	2151	0	0	20	2744	0	0	0	0	0	0	100	0	0	0	0	0	0	0	0	0	0	0	0	0
d7ababab24a8a168e4bb9f6f18d81fe1f413567f	JSON	8	2151	0	0	2	279	0	0	0	0	0	0	100	0	0	0	0	0	0	0	0	0	0	0	0	0
c86eec46f780f21aee5af20f3d1934d0bb6e7e13	JSON	8	2151	0	0	34	1934	0	0	0	0	0	0	100	0	0	0	0	0	0	0	0	0	0	0	0	0
bf0a75db0b19d9fb7ee98b21952349bcc8533dd3	JSON	8	2151	0	0	2	262	0	0	0	0	0	0	100	0	0	0	0	0	0	0	0	0	0	0	0	0
fbdf7c4ba8e6d4e747370cb699896259835e46e1	JSON	8	2151	0	0	4	2124	0	0	0	0	0	0	100	0	0	0	0	0	0	0	0	0	0	0	0	0
86b14058fde15bdef8a40d6dbac07a62523b3643	JSON	8	2151	0	0	1	246	0	0	0	0	0	0	100	0	0	0	0	0	0	0	0	0	0	0	0	0
7f3dd66b32ff1a22e544b5e1e1c661b9b2f74847	JSON	11	111285	0	0	1	1	0	0	0	0	0	0	100	0	0	0	0	0	0	0	0	0	0	0	0	0
e0afda53859f1638f216df976221ebe34bb37e84	JSON	11	111285	0	0	1	1	0	0	0	0	0	0	100	0	0	0	0	0	0	0	0	0	0	0	0	0
7d7ed81d571cca58a1e4649e61ec8fbf50453aea	JSON	30	4935	0	0	2	159	0	0	0	0	0	0	100	0	0	0	0	0	0	0	0	0	0	0	0	0
9a4592f38c9de56f63dd791a7e6d5e8513967e24	JSON	30	4935	0	0	23	164	0	0	0	0	0	0	100	0	0	0	0	0	0	0	0	0	0	0	0	0
e5d37bf7582b52b89e0e3b9a8bec8883cf48d139	JSON	30	4935	0	0	2	208	0	0	0	0	0	0	100	0	0	0	0	0	0	0	0	0	0	0	0	0
5952408d832aace999da05dec9f7bb080a7bfb37	JSON	30	4935	0	0	1	44	0	0	0	0	0	0	100	0	0	0	0	0	0	0	0	0	0	0	0	0
fce336321c2127112e30c182cc3eda8ac375b089	JSON	30	4935	0	0	1	76	0	0	0	0	0	0	100	0	0	0	0	0	0	0	0	0	0	0	0	0
7233d7c75466616270216ae8202ae32c2be4a166	JSON	30	4935	0	0	11	37	0	0	0	0	0	0	100	0	0	0	0	0	0	0	0	0	0	0	0	0
a738d6fa19821ccfb1042cdb3063972dcee6bc72	JSON	30	4935	0	0	2	16	0	0	0	0	0	0	100	0	0	0	0	0	0	0	0	0	0	0	0	0
923acaee71283f4d7137e309e62cf6a65cf0a2eb	JSON	30	4935	0	0	2	12	0	0	0	0	0	0	100	0	0	0	0	0	0	0	0	0	0	0	0	0
3efc8d7c23ad40e0d483fbc65dd09777980aeb9b	JSON	30	4935	0	0	2	17	0	0	0	0	0	0	100	0	0	0	0	0	0	0	0	0	0	0	0	0
5b16995b7033a70544758c8c9ae1b91f8f849b54	JSON	30	4935	1	50	1	21	0	0	0	0	0	0	100	0	0	0	0	0	0	0	0	0	0	0	0	0
bb042ec65c319c762dd4accf65e4338582b0ff19	JSON	30	4935	0	0	2	133	0	0	0	0	0	0	100	0	0	0	0	0	0	0	0	0	0	0	0	0
e31966496bd425c93127aa679862e33479351594	JSON	30	4935	0	0	11	38	0	0	0	0	0	0	100	0	0	0	0	0	0	0	0	0	0	0	0	0
cd88e17a8828acdac2a057dc1335b443328bfb24	JSON	30	4935	0	0	7	27	0	0	0	0	0	0	100	0	0	0	0	0	0	0	0	0	0	0	0	0
880435b1d5e9078619df141003b6192865970cec	JSON	30	4935	0	0	2	58	0	0	0	0	0	0	100	0	0	0	0	0	0	0	0	0	0	0	0	0
ba340692d44498c8936d2333bb6829b2f2eebdc4	JSON	30	4935	0	0	7	11	0	0	0	0	0	0	100	0	0	0	0	0	0	0	0	0	0	0	0	0
63dab1ee6eb81bdbbceae6a671779334879f01bd	Localization	19	2770	0	0	2	5841	0	0	0	0	0	0	0	0	0	99.69	0	0	0	0	0	0	0	0	0	0
f32e1f3c0199345ec7945a5d9de3ae154216c4f3	Localization	19	2770	0	0	1	53	0	0	0	0	0	0	0	0	0	100	0	0	0	0	0	0	0	0	0	0
13283a0bfb396a8d5a1af3885cdebfd264addc17	Localization	19	2770	0	0	9	1642	0	0	0	0	0	0	0	0	0	100	0	0	0	0	0	0	0	0	0	0
88a8dfed27cee343e0f45cc4879e081b8c7f3e5a	Localization	19	2770	0	0	1	97	0	0	0	0	0	0	0	0	0	100	0	0	0	0	0	0	0	0	0	0
99785c9ce4abb7238c876f63cd1053552df2648e	Localization	19	2770	0	0	1	32	0	0	0	0	0	0	0	0	0	100	0	0	0	0	0	0	0	0	0	0
c36ef4e6694491060d56842cab43b6c126507fc7	Localization	19	2770	0	0	1	129	0	0	0	0	0	0	0	0	0	100	0	0	0	0	0	0	0	0	0	0
26e5bc0beaa3fb9e60bbe711ca545be28abdc154	Localization	19	2770	0	0	1	39	0	0	0	0	0	0	0	0	0	100	0	0	0	0	0	0	0	0	0	0
b9cfaf3648db7c88a94f8f93b91f7ccbd14f99c9	Localization	19	2770	0	0	1	212	0	0	0	0	0	0	0	0	0	100	0	0	0	0	0	0	0	0	0	0
432acaaf61f8bc1577ad0ffddd02149ec24303d6	Localization	19	2770	0	0	2	5192	0	0	0	0	0	0	0	0	0	100	0	0	0	0	0	0	0	0	0	0
b8f007b5cadb14ceeeacfd39917e9078f5d8547c	Localization	19	2770	0	0	1	647	0	0	0	0	0	0	0	0	0	100	0	0	0	0	0	0	0	0	0	0
758e5c8dae877db4d631303af3c36dce43e1465e	Localization	19	2770	0	0	1	36	0	0	0	0	0	0	0	0	0	100	0	0	0	0	0	0	0	0	0	0
cc42efaa387590fc1546ea2a4e27a4a8c3c51d97	Localization	19	2770	0	0	1	45	0	0	0	0	0	0	0	0	0	100	0	0	0	0	0	0	0	0	0	0
592465da09e11fd2007504b4e999cc2bda86cfe5	Localization	19	2770	0	0	1	35	0	0	0	0	0	0	0	0	0	100	0	0	0	0	0	0	0	0	0	0
dd3585c937ae372aa6aaa0aad12b94ee54a8680c	Localization	19	2770	0	0	28	141	0	0	0	0	0	0	0	0	0	100	0	0	0	0	0	0	0	0	0	0
9fc21987a7f8096c0cb491d88793e9aad4cc0347	Localization	19	2770	0	0	1	87	0	0	0	0	0	0	0	0	0	100	0	0	0	0	0	0	0	0	0	0
3e76df74817838ab512c555b200c72b8993be48b	Localization	19	2770	0	0	1	976	0	0	0	0	0	0	0	0	0	100	0	0	0	0	0	0	0	0	0	0
93531011609e25382b045c19fde503b1be37a883	Localization	19	2770	0	0	2	44	0	0	0	0	0	0	0	0	0	100	0	0	0	0	0	0	0	0	0	0
0360a77e8af8ef4ae65adcb6729d83bf5db44a6f	Localization	19	2770	0	0	1	68	0	0	0	0	0	0	0	0	0	100	0	0	0	0	0	0	0	0	0	0
c74e7552505a125cf79bc50ba1f9ed3764c81eaf	Localization	19	2770	0	0	1	42	0	0	0	0	0	0	0	0	0	100	0	0	0	0	0	0	0	0	0	0
0c8b557dd01c9ee172f31816c23070a8a664b68b	Localization	19	2770	0	0	1	56	0	0	0	0	0	0	0	0	0	100	0	0	0	0	0	0	0	0	0	0
bf9aa457b00fc75197d2df606446ad5ba4772255	Lock	16	4500	0	0	4	36	0	0	0	0	0	2.77	5.55	0	91.66	0	0	0	0	0	0	0	0	0	0	0
2f8e3559b5a363e102722a8e7626133d5c5fc36f	Lock	16	4500	0	0	2	67	0	0	0	0	0	0	1.49	0	98.5	0	0	0	0	0	0	0	0	0	0	0
643eb419685eda481830a4cb2d40c7b0230002a5	Lock	16	4500	0	0	3	45	0	0	0	0	0	2.22	4.44	0	93.33	0	0	0	0	0	0	0	0	0	0	0
6336fc07878520b1c3829818990987f539d9d002	Lock	16	4500	0	0	17	196	0	0	0	0	0	0	19.89	0	80.1	0	0	0	0	0	0	0	0	0	0	0
2ed2798242ea887e88306f4b0614ce2505af316d	Lock	16	4500	0	0	2	102	0	0	0	0	0	0	0.98	0	99.01	0	0	0	0	0	0	0	0	0	0	0
262a39dde253504ac49f78eb6262060c93b916e3	Lock	16	4500	0	0	2	183	0	0	0	0	0	0	2.18	0	97.81	0	0	0	0	0	0	0	0	0	0	0
a1a804421198a66be96e2a40c0210c162e40470f	Lock	16	4500	0	0	3	155	0	0	0	0	0	0	0	0	95.48	0	0	0	0	0	0	0	0	0	4.51	0
b064414d33104f1e7a817d6fd4cb7cef2f97b6df	Lock	16	4500	0	0	3	10350	0	0	0	0	0	0	5.79	0	94.2	0	0	0	0	0	0	0	0	0	0	0
f413339e75c753861849c9f902552fbaff71445f	Lock	2	29623	0	0	1	4	0	0	0	0	0	0	0	0	100	0	0	0	0	0	0	0	0	0	0	0
e61681069001f8af447422c8592733fe11aab822	Lock	16	4500	0	0	5	57	0	0	0	0	0	0	0	0	100	0	0	0	0	0	0	0	0	0	0	0
37a4ee76e08b0d601be0dfab5bd32b4bf1d0485b	Lock	16	4500	0	0	1	620	0	0	0	0	0	0	0	0	100	0	0	0	0	0	0	0	0	0	0	0
92ffbaded66ceaee473b207d4fc8bf2adc5028c5	Markdown	14	6073	0	0	2	61	0	0	0	0	0	0	0	0	0	0	93.44	0	0	0	0	0	0	0	0	0
dcb0ff635f15e27276a1980cc2c9f1895c09897b	Markdown	14	6073	2	28.57	5	60	0	0	0	0	1.66	1.66	1.66	0	0	0	95	0	0	0	0	0	0	0	0	0
2127964f9a99060c3e7b993532161222293a6b55	Markdown	25	743	0	0	161	2084	0	0	0	0	2.01	0	0.95	0	0	0	97.02	0	0	0	0	0	0	0	0	0
a1871012e28c917eac4dc2e58dd58d461f37f9f4	Markdown	25	743	0	0	175	2280	0	0	0	0	2.23	0	1.09	0	0	0	96.66	0	0	0	0	0	0	0	0	0
1dd3cfce889dfc441cf8eafd11af33d3af0d000a	Markdown	25	743	0	0	174	2177	0	0	0	0	2.34	0	1.14	0	0	0	96.5	0	0	0	0	0	0	0	0	0
7a28cdc26d87ba63149ae2d2cc5450091c66efcc	Markdown	25	743	0	0	28	2865	0	0	0	0	0	4.01	0.06	0	0	0	95.91	0	0	0	0	0	0	0	0	0
a48b0600a8abde1b10190cf02c64ff5a371ca1e4	Markdown	14	6073	0	0	5	35	0	0	0	0	0	8.57	5.71	0	0	0	85.71	0	0	0	0	0	0	0	0	0
83bd4eb7dfa5cf2e2f0e365661548b2fde715dee	Markdown	25	743	106	55.2	86	7681	0	0	0	0	0	0.05	0.02	0	0	0	99.92	0	0	0	0	0	0	0	0	0
f21a57b27d61682e3137f9f05b85c8379abe9543	Markdown	14	6073	0	0	2	58	0	0	0	0	0	0	3.44	0	0	0	96.55	0	0	0	0	0	0	0	0	0
0f8f81b7532d6e33b7860786cc93a97cbf3f5203	Markdown	32	14266	0	0	2	17	0	0	0	0	0	0	5.88	0	0	0	94.11	0	0	0	0	0	0	0	0	0
a574aa6df853cd98e8a63bbf5c3527866781e27a	Markdown	25	743	0	0	44	1420	0	0	0	0	0	0	6.19	0	0	0	93.8	0	0	0	0	0	0	0	0	0
58d0dc17959a523b6a0c14bc1e0258f8b1940824	Markdown	32	14266	0	0	2	7	0	0	0	0	0	0	14.28	0	0	0	85.71	0	0	0	0	0	0	0	0	0
77bf9da3bc4b72e9afce51c815f5ccd2a2a5580f	Markdown	14	6073	0	0	2	47	0	0	0	0	0	2.12	0	0	0	0	97.87	0	0	0	0	0	0	0	0	0
5bd7331299c8833b4bc113f0f1be093a5428f145	Markdown	14	6073	0	0	2	22	0	0	0	0	0	4.54	0	0	0	0	95.45	0	0	0	0	0	0	0	0	0
7253f83ca32ceb1239058ce81f5067b97459c5a6	Markdown	25	743	0	0	40	1541	0	0	0	0	0	0	0	0	0	0	92.92	0	0	0	0	0	0	0	0	7.07
124767514aed64578f1732e39c0fdcd13a2199bd	Markdown	11	111285	0	0	1	1	0	0	0	0	0	0	0	0	0	0	100	0	0	0	0	0	0	0	0	0
ce263540fac9216ba85be621fa77debf7a9ff6d5	Markdown	11	111285	0	0	1	1	0	0	0	0	0	0	0	0	0	0	100	0	0	0	0	0	0	0	0	0
00d3d2e522999ab885812a0739c7814911f2411c	Markdown	11	111285	0	0	1	1	0	0	0	0	0	0	0	0	0	0	100	0	0	0	0	0	0	0	0	0
7baf317aafead83ca50deea38d04957eef28074d	Markdown	14	6073	0	0	1	29	0	0	0	0	0	0	0	0	0	0	100	0	0	0	0	0	0	0	0	0
b4fbcd5060c950a18bff5e6310f2c600ac964140	Markdown	14	6073	0	0	1	36	0	0	0	0	0	0	0	0	0	0	100	0	0	0	0	0	0	0	0	0
e7c4f076387995dc7189d34b39225a143547786c	Markdown	14	6073	0	0	21	64	0	0	0	0	0	0	0	0	0	0	100	0	0	0	0	0	0	0	0	0
df8ecf0fc9ac453ebe817071ce54a7bfd9a20ccd	Markdown	14	6073	0	0	1	27	0	0	0	0	0	0	0	0	0	0	100	0	0	0	0	0	0	0	0	0
afcefa908861c082c14869dcbfca8c538af0f9a8	Markdown	14	6073	0	0	1	51	0	0	0	0	0	0	0	0	0	0	100	0	0	0	0	0	0	0	0	0
57c15e0d7176c870fccee50c0cd0d671e1671298	Markdown	14	6073	0	0	1	72	0	0	0	0	0	0	0	0	0	0	100	0	0	0	0	0	0	0	0	0
69a66e9cbab9580c1f3666ecedf81014dc9c27db	Markdown	14	6073	0	0	2	28	0	0	0	0	0	0	0	0	0	0	100	0	0	0	0	0	0	0	0	0
90d43df64873e6a35c1d0b1deabbfc1fe594f62c	Markdown	14	6073	0	0	2	138	0	0	0	0	0	0	0	0	0	0	100	0	0	0	0	0	0	0	0	0
eb4c43e49f625895670866b89bb56ca641c4eeb7	Markdown	14	6073	0	0	1	21	0	0	0	0	0	0	0	0	0	0	100	0	0	0	0	0	0	0	0	0
e8bd8b89281a52d235a9825dbe8b34834e68b6b1	Markdown	14	6073	0	0	1	49	0	0	0	0	0	0	0	0	0	0	100	0	0	0	0	0	0	0	0	0
88c50835711ec743a4e4ec858e426d1d723ffcb5	Markdown	14	6073	0	0	1	41	0	0	0	0	0	0	0	0	0	0	100	0	0	0	0	0	0	0	0	0
82eb33cbb5e5c047267372d506f521e808b16b00	Markdown	14	6073	0	0	2	47	0	0	0	0	0	0	0	0	0	0	100	0	0	0	0	0	0	0	0	0
0bae6685f78286ae19a45107542ff4c79ebfbfd8	Markdown	25	743	0	0	137	36154	0	0	0	0	0	0	0	0	0	0	100	0	0	0	0	0	0	0	0	0
adb3e4a11dd37290111f7daf2e0a61d3895475f8	Markdown	25	743	0	0	51	1124	0	0	0	0	0	0	0	0	0	0	100	0	0	0	0	0	0	0	0	0
09ee45346b10e71e4635db32c77b3cf344a86867	Markdown	25	743	0	0	103	1441	0	0	0	0	0	0	0	0	0	0	100	0	0	0	0	0	0	0	0	0
8c3d9fb734a23291d5f4af7f87e828179e5b5522	Markdown	25	743	0	0	27	3664	0	0	0	0	0	0	0	0	0	0	100	0	0	0	0	0	0	0	0	0
8e85a59c7f013f882c27e5b3c36c61f6663abaf5	Markdown	32	14266	0	0	1	2	0	0	0	0	0	0	0	0	0	0	100	0	0	0	0	0	0	0	0	0
2aea0cb8c8bd2207fbc19940f417003576fe3e3d	Markdown	32	14266	0	0	1	2	0	0	0	0	0	0	0	0	0	0	100	0	0	0	0	0	0	0	0	0
0e6de3aacb8ebbf2617e8c11b8dae61acdd79816	Markdown	32	14266	0	0	1	6	0	0	0	0	0	0	0	0	0	0	100	0	0	0	0	0	0	0	0	0
92b447b5f2e1761d540375d270a406875298beec	Markdown	32	14266	0	0	1	2	0	0	0	0	0	0	0	0	0	0	100	0	0	0	0	0	0	0	0	0
5efdd102e72633d0b71bce2ece1f38b664337421	Markdown	32	14266	0	0	1	7	0	0	0	0	0	0	0	0	0	0	100	0	0	0	0	0	0	0	0	0
ea4b9e2f989a630f8f81a154760110f01a8ee214	Markdown	32	14266	0	0	1	3	0	0	0	0	0	0	0	0	0	0	100	0	0	0	0	0	0	0	0	0
be0a96abae7baf9f1a5beda83c8de421a666762c	Markdown	32	14266	0	0	1	10	0	0	0	0	0	0	0	0	0	0	100	0	0	0	0	0	0	0	0	0
5b1bc10e60c6e81f44ac12e0c88a98581b90c2ec	Markdown	32	14266	0	0	1	2	0	0	0	0	0	0	0	0	0	0	100	0	0	0	0	0	0	0	0	0
ba2a5dba13afd4f719c088ba7c534c85de9b8874	Markdown	32	14266	0	0	1	14	0	0	0	0	0	0	0	0	0	0	100	0	0	0	0	0	0	0	0	0
6b054cbc010d201031b50d604c9ea58b06cdae12	Markdown	32	14266	0	0	1	2	0	0	0	0	0	0	0	0	0	0	100	0	0	0	0	0	0	0	0	0
756360b8e03a314eb571541a825b81e5f99e5ac4	Markdown	32	14266	0	0	1	6	0	0	0	0	0	0	0	0	0	0	100	0	0	0	0	0	0	0	0	0
7479b7398e0d188bf8902bc87dd4d598f01a9011	Markdown	32	14266	0	0	2	7	0	0	0	0	0	0	0	0	0	0	100	0	0	0	0	0	0	0	0	0
f1d69865bba86e70868add83533a1ffc57e23647	Other	2	29623	0	0	1	8	0	0	0	0	0	0	0	0	0	0	0	0	0	0	0	0	0	0	0	0
621c43773b5d8ac74cd3c744c00ca599995ca1f6	Other	2	29623	0	0	1	4	0	0	0	0	0	0	0	0	0	0	0	0	0	0	0	0	0	0	0	0
8f89de805bb32d655d7921851d2fac8afd442b78	Other	2	29623	0	0	2	17	0	0	0	0	0	0	0	0	0	0	0	0	0	0	0	0	0	0	0	0
404bc3b039dedb68e88dbcde05382be1ba7d7b2c	Other	2	29623	0	0	1	3	0	0	0	0	0	0	0	0	0	0	0	0	0	0	0	0	0	0	0	0
63ff1e066c255a82455298b1b898d3b3348e3947	Other	2	29623	0	0	3	4	0	0	0	0	0	0	0	0	0	0	0	0	0	0	0	0	0	0	0	0
1640c112ed63ee5251109a62e131e2ca0ac21f5a	Other	2	29623	0	0	1	3	0	0	0	0	0	0	0	0	0	0	0	0	0	0	0	0	0	0	0	0
852ed3d553ca9f886970e527d86fe522f42873c9	Other	2	29623	0	0	1	11	0	0	0	0	0	0	0	0	0	0	0	0	0	0	0	0	0	0	0	0
22db1f5583ca3ca58ad6ba290fd660d0196b64a0	Other	2	29623	0	0	1	9	0	0	0	0	0	0	0	0	0	0	0	0	0	0	0	0	0	0	0	0
1894b1c086af86c1a5ab7c23878b4a8fe2f39a7c	Other	2	29623	0	0	3	3	0	0	0	0	0	0	0	0	0	0	0	0	0	0	0	0	0	0	0	0
d45fe38a52a7b2c7953cb490eb80f10252a815d9	Other	2	29623	0	0	1	12	0	0	0	0	0	0	0	0	0	0	0	0	0	0	0	0	0	0	0	0
d653edfcfbb02a2b4b557acbf680a1830a2fb7a3	Other	4	7264	0	0	2	46	0	0	0	0	0	0	0	0	0	0	0	0	0	0	0	0	0	0	0	0
d572132a2453a6cbdfbb9f00415b337a8fe36bef	Other	4	7264	0	0	1	41	0	0	0	0	0	0	0	0	0	0	0	0	0	0	0	0	0	0	0	0
4facccea82d69b272650dcb1fac15aa4c741d953	Other	4	7264	0	0	2	27	0	0	0	0	0	0	0	0	0	0	0	0	0	0	0	0	0	0	0	0
87b5a6d211dfb7f11095fa2ae1bedc4a5afc2d21	Other	4	7264	0	0	3	87	0	0	0	0	0	0	0	0	0	0	0	0	0	0	0	0	0	0	0	0
e7c96558239a5dec4c4c90efd5dfaa7c38e84154	Other	4	7264	0	0	1	55	0	0	0	0	0	0	0	0	0	0	0	0	0	0	0	0	0	0	0	0
1267c8944e8a8b8fc9ea18f12adc547522b11a17	Other	4	7264	0	0	1	48	0	0	0	0	0	0	0	0	0	0	0	0	0	0	0	0	0	0	0	0
c051b53388020829b0ffc8dec6511dd884384a1f	Other	4	7264	0	0	1	34	0	0	0	0	0	0	0	0	0	0	0	0	0	0	0	0	0	0	0	0
5f13d9a4cea02c766224ee3cf3becaf30ac80bb7	Other	4	7264	0	0	5	147399	0	0	0	0	0	0	0	0	0	0	0	0	0	0	0	0	0	0	0	0
1b08cfe72390a6c79ec89f241c1023c099313d39	Other	4	7264	0	0	2	42	0	0	0	0	0	0	0	0	0	0	0	0	0	0	0	0	0	0	0	0
a39eea932ae5ea5aabe489f4a30a8ed0ffb12dc7	Other	11	111285	0	0	1	1	0	0	0	0	0	0	0	0	0	0	0	0	0	0	0	0	0	0	0	0
8e2678ae1ec750a8cf02fbd3421f46a47e4cefd3	Other	11	111285	0	0	1	2	0	0	0	0	0	0	0	0	0	0	0	0	0	0	0	0	0	0	0	0
5c2169cc3f263b39ba42d66bcf014163fada2390	Other	11	111285	0	0	2	0	0	0	0	0	0	0	0	0	0	0	0	0	0	0	0	0	0	0	0	0
51165bf759db86c9cd221c5b8bd498e7eb37b4ae	Other	11	111285	0	0	1	1	0	0	0	0	0	0	0	0	0	0	0	0	0	0	0	0	0	0	0	0
b244ea3fecc71d61876cb11b868cc0b53c74567e	Other	11	111285	0	0	1	1	0	0	0	0	0	0	0	0	0	0	0	0	0	0	0	0	0	0	0	0
0ae6825adc710f4374f56af18a8523920f6c5306	Other	4	7264	0	0	3	1627	0	0	0	0	0	0	0.06	0	0	0	0	0	0	0	0	0	0	0	0	0
2c5d8a7618f8bd1a9d8594bae6a711a93bb2d168	Other	25	743	0	0	788	93482	0	0	0	0	0	0	0.01	0	0	0	0.1	0	0	0	0	0	0	0	0	0
fed2913684050e8af338a3fa2d369b10b4b00e1a	Other	4	7264	0	0	5	636	0	0	0	0	0	0	0.31	0	0.31	0	0	0	0	0	0	0	0	0	0	0
07c02371ef1c032decea7952578c5120ac6340c9	Other	4	7264	0	0	2	315	0	0	0	0	0	0	0	0	0	0	0	0	0.95	0	0	0	0	0	0	0
a71d08394a80fbbae38b8d8f038bb3b7b697e3ee	Other	6	22700	0	0	4	680	0	0	0	0	0	0	0	0	0	0	0	0	1.91	0	0	0	0	0	0	0
413ae9063a0bbde40a8efa80fda50b172201a11c	Other	18	3370	0	0	3	58	6.89	0	0	0	0	0	0	0	0	0	0	0	0	0	0	0	0	0	0	0
3a08364c2414baf5215b3914e74612ad0d315a26	Other	2	29623	4	0	2	22	0	0	0	0	0	0	0	0	0	0	0	0	0	0	0	0	0	0	0	9.09
cfaac2a60f3ac63ae8deccb03d88bd559449b78c	Other	32	14266	0	0	3	36	0	0	0	0	0	0	0	0	0	0	11.11	0	0	0	0	0	0	0	0	0
4a94ca002793d5a4201c390174ee46e6fd0c3302	Other	14	6073	1	0	3	59	0	0	0	0	0	0	0	0	0	0	15.25	0	0	0	0	0	0	0	0	0
eeccf838a9a6d65725f0c264efb22f3bfe43c542	Other	4	7264	0	0	2	29	0	0	0	0	0	0	0	20.68	0	0	0	0	0	0	0	0	0	0	0	0
414c1f47dfa4e0a74fbb40b85db990a07e61e92d	Other	22	4495	0	0	5	261	0	0	0	0	0	0	1.14	0	0	0	0	0	0.38	0	0	0	0	0	0	20.3
3401f4de51870c0dd7fc03746e3b6793a847e9d9	Pydata	7	7317	0	0	3	17	0	0	0	0	0	0	0	0	0	0	0	88.23	0	0	0	0	0	0	0	0
23b59383b8cb1582574fa69f73e59273b2b73883	Pydata	39	3509	0	0	5	65	0	0	0	0	0	0	0	0	0	0	0	92.3	7.69	0	0	0	0	0	0	0
e9299adce6ed03c0e27a9cab1411319e05dab211	Pydata	39	3509	0	0	3	47	0	0	0	0	0	0	0	0	0	0	6.38	93.61	0	0	0	0	0	0	0	0
b72cfb5220589f61cca67ecfcfaef8d042949273	Pydata	39	3509	0	0	6	49	0	0	0	0	0	0	0	0	0	0	0	93.87	6.12	0	0	0	0	0	0	0
e2e105c4851fbbd5b1e8f4f2b01f6b3f41cf45f8	Pydata	39	3509	0	0	2	81	0	0	0	0	0	0	0	0	0	0	0	98.76	1.23	0	0	0	0	0	0	0
4cbdd171c3d6f9c7bacf789cc2c72348240a06bb	Pydata	7	7317	0	0	8	19	0	0	0	0	0	0	0	0	0	0	0	100	0	0	0	0	0	0	0	0
72ceee0afa6830def9dc8893557c877a48f4b8a6	Pydata	7	7317	0	0	1	39	0	0	0	0	0	0	0	0	0	0	0	100	0	0	0	0	0	0	0	0
010ed7230197410eaa132c52ec2d0493bcc943be	Pydata	7	7317	0	0	2	12	0	0	0	0	0	0	0	0	0	0	0	100	0	0	0	0	0	0	0	0
e0c06b196061368d03c0f09dda0279dad5e6a95a	Pydata	7	7317	0	0	1	34	0	0	0	0	0	0	0	0	0	0	0	100	0	0	0	0	0	0	0	0
1fe36c32309bebad544bb508afaf2bf8d008d4d1	Pydata	7	7317	0	0	14	23	0	0	0	0	0	0	0	0	0	0	0	100	0	0	0	0	0	0	0	0
229482f578ac7bd8e07d56324457232930aa467d	Pydata	7	7317	0	0	2	8	0	0	0	0	0	0	0	0	0	0	0	100	0	0	0	0	0	0	0	0
489db272f581336a605124ca324a824cbff9e14c	Pydata	7	7317	0	0	1	17	0	0	0	0	0	0	0	0	0	0	0	100	0	0	0	0	0	0	0	0
241975a012e753ed7f3edb1c0c1d6a3d8b9c72c2	Pydata	7	7317	0	0	1	9	0	0	0	0	0	0	0	0	0	0	0	100	0	0	0	0	0	0	0	0
38aeed85b5845a2a4e7a26d8e39488b79dce3947	Pydata	7	7317	0	0	1	13	0	0	0	0	0	0	0	0	0	0	0	100	0	0	0	0	0	0	0	0
d36e1acd9368a1b281713447c02751079cf9eff4	Pydata	7	7317	0	0	2	29	0	0	0	0	0	0	0	0	0	0	0	100	0	0	0	0	0	0	0	0
7941c368cd01040c96d8e0f667555c02f28582a2	Pydata	7	7317	0	0	1	15	0	0	0	0	0	0	0	0	0	0	0	100	0	0	0	0	0	0	0	0
e1c3c228b28c0fd1b1c6763a3da579d21bee63d1	Pydata	7	7317	0	0	1	23	0	0	0	0	0	0	0	0	0	0	0	100	0	0	0	0	0	0	0	0
3c073f92f40fc41b9c71e13d48c281248f941d88	Pydata	7	7317	0	0	1	8	0	0	0	0	0	0	0	0	0	0	0	100	0	0	0	0	0	0	0	0
13b07f7718f85ae54f19e4ef6bcfab24aac5c7b1	Pydata	7	7317	0	0	2	9	0	0	0	0	0	0	0	0	0	0	0	100	0	0	0	0	0	0	0	0
15965e6aa92c8293b0895ae63cb574d7f7a5202b	Pydata	7	7317	0	0	1	11	0	0	0	0	0	0	0	0	0	0	0	100	0	0	0	0	0	0	0	0
29a1dc8b17c0ebaf7a10ee61e99f26f95b86012f	Pydata	11	111285	0	0	1	1	0	0	0	0	0	0	0	0	0	0	0	100	0	0	0	0	0	0	0	0
6332c9e19d882908b6f8b317f8a8a60887f7c5b5	Pydata	27	8733	0	0	1	5	0	0	0	0	0	0	0	0	0	0	0	100	0	0	0	0	0	0	0	0
71fa50067a5ec8118f0e10a4026b91fc4303b47c	Pydata	27	8733	0	0	1	3	0	0	0	0	0	0	0	0	0	0	0	100	0	0	0	0	0	0	0	0
9a91bd80abc79b82de9e3e7881cccab43e6dde9a	Pydata	27	8733	0	0	1	3	0	0	0	0	0	0	0	0	0	0	0	100	0	0	0	0	0	0	0	0
e29218860dddb63ba52a6206faaa3282ebf622ce	Pydata	27	8733	0	0	3	2	0	0	0	0	0	0	0	0	0	0	0	100	0	0	0	0	0	0	0	0
d6095eb0360e7193dff19822ad3be1be0ce7e0b0	Pydata	27	8733	0	0	1	3	0	0	0	0	0	0	0	0	0	0	0	100	0	0	0	0	0	0	0	0
43359d75b6698b9c3c6ed2771a732fe29c5b9ca9	Pydata	27	8733	0	0	1	7	0	0	0	0	0	0	0	0	0	0	0	100	0	0	0	0	0	0	0	0
49450483628d96d0bdf9caf18e627f05ab9a3431	Pydata	27	8733	0	0	2	2	0	0	0	0	0	0	0	0	0	0	0	100	0	0	0	0	0	0	0	0
c6fc9934fa5370a815632a35eb35274d0ea1e9fc	Pydata	27	8733	0	0	1	2	0	0	0	0	0	0	0	0	0	0	0	100	0	0	0	0	0	0	0	0
8f10be19469eefba16446172132f9f68389fd31c	Pydata	27	8733	0	0	1	7	0	0	0	0	0	0	0	0	0	0	0	100	0	0	0	0	0	0	0	0
9878e581cdd4711802e15611bbc16cd2db7821c6	Pydata	27	8733	0	0	1	5	0	0	0	0	0	0	0	0	0	0	0	100	0	0	0	0	0	0	0	0
91eb30195fb9439dd65c1c783a8f029b41e7f947	Pydata	27	8733	0	0	1	2	0	0	0	0	0	0	0	0	0	0	0	100	0	0	0	0	0	0	0	0
98654c87614ef698db6cd166b8d7c78c2d06dbdb	Pydata	27	8733	0	0	2	4	0	0	0	0	0	0	0	0	0	0	0	100	0	0	0	0	0	0	0	0
c7af6a420cb069d29fd57928dfbc600a395850f1	Pydata	27	8733	0	0	2	4	0	0	0	0	0	0	0	0	0	0	0	100	0	0	0	0	0	0	0	0
622c17f0b1b8bcffbcb0b242e9666bc051f85b99	Pydata	27	8733	0	0	1	2	0	0	0	0	0	0	0	0	0	0	0	100	0	0	0	0	0	0	0	0
d9ecf46f41d77a235b064a6c842079114b80ec5d	Pydata	27	8733	0	0	1	4	0	0	0	0	0	0	0	0	0	0	0	100	0	0	0	0	0	0	0	0
e8a593fbf014f3a1ba94f1cbeb64037abacc84e5	Pydata	27	8733	0	0	1	2	0	0	0	0	0	0	0	0	0	0	0	100	0	0	0	0	0	0	0	0
eb86ff8ecd93e11d437fc99d47d5b328d3f3244f	Pydata	27	8733	0	0	1	3	0	0	0	0	0	0	0	0	0	0	0	100	0	0	0	0	0	0	0	0
7a90ee23ff0e844c06fcc26acaf70da3a113d308	Pydata	27	8733	0	0	1	7	0	0	0	0	0	0	0	0	0	0	0	100	0	0	0	0	0	0	0	0
7d96743d067ed4cac8173d55baa048eef5f8972a	Pydata	27	8733	0	0	1	3	0	0	0	0	0	0	0	0	0	0	0	100	0	0	0	0	0	0	0	0
66d39f942ce0c2b7c9ba1f2d10dac4e1ffd59904	Pydata	27	8733	0	0	1	6	0	0	0	0	0	0	0	0	0	0	0	100	0	0	0	0	0	0	0	0
bf0d736fc040f48c053312214c66a9bd95e256fc	Pydata	39	3509	0	0	2	96	0	0	0	0	0	0	0	0	0	0	0	100	0	0	0	0	0	0	0	0
eb9fb820c15b954351ba124f08324d2b8359ba9e	Pydata	39	3509	0	0	1	93	0	0	0	0	0	0	0	0	0	0	0	100	0	0	0	0	0	0	0	0
936c80ae8a2d20107b74665beb116e673555c670	Pydata	39	3509	0	0	2	226	0	0	0	0	0	0	0	0	0	0	0	100	0	0	0	0	0	0	0	0
405ed25b214740f2e0457ee84007567072b6fd18	Pydata	39	3509	0	0	1	59	0	0	0	0	0	0	0	0	0	0	0	100	0	0	0	0	0	0	0	0
d70edc8a9514cf5afa365193fa984ff73e353054	Pydata	39	3509	0	0	3	44	0	0	0	0	0	0	0	0	0	0	0	100	0	0	0	0	0	0	0	0
bc330042c29ab49688d1bf0e7a2bc7a263bcf287	Pydata	39	3509	0	0	1	45	0	0	0	0	0	0	0	0	0	0	0	100	0	0	0	0	0	0	0	0
5078bb125402c875416723f74ebb74498a8b94f4	Pydata	39	3509	0	0	2	153	0	0	0	0	0	0	0	0	0	0	0	100	0	0	0	0	0	0	0	0
0e7f1ab0bea27e4928a3af5981d35c8d387cfb98	Pydata	39	3509	0	0	1	47	0	0	0	0	0	0	0	0	0	0	0	100	0	0	0	0	0	0	0	0
ee54fd53182a7e3275f780ff9ab3e8e97dfcecca	Pydata	39	3509	0	0	1	72	0	0	0	0	0	0	0	0	0	0	0	100	0	0	0	0	0	0	0	0
ae7701691b379d9a175220789ed5d314886551b1	Pydata	39	3509	0	0	7	66	0	0	0	0	0	0	0	0	0	0	0	100	0	0	0	0	0	0	0	0
0148525aeece160d2898bf185ba1fc136d3b04f9	Pydata	39	3509	0	0	3	43	0	0	0	0	0	0	0	0	0	0	0	100	0	0	0	0	0	0	0	0
6dda9814bc42fa5fe7d678dbd3d2d508a6f668b8	Pydata	39	3509	0	0	1	61	0	0	0	0	0	0	0	0	0	0	0	100	0	0	0	0	0	0	0	0
9695c1ff191b5d1d9fe6480a040baf320ce20d02	Pydata	39	3509	0	0	1	69	0	0	0	0	0	0	0	0	0	0	0	100	0	0	0	0	0	0	0	0
867f495c5209f85b66be4820242db23770845146	Pydata	39	3509	0	0	1	50	0	0	0	0	0	0	0	0	0	0	0	100	0	0	0	0	0	0	0	0
e0cf2b650e22969dfbb529a7105693650e7d7d7b	Pydata	39	3509	0	0	3	124	0	0	0	0	0	0	0	0	0	0	0	100	0	0	0	0	0	0	0	0
4f4ce756d7e3ac79c95c03ad8ffb9d958c4c8a45	Python	5	43130	0	0	3	21	0	0	0	0	0	0	0	0	0	0	0	0	76.19	0	0	0	0	0	0	0
c62707ae72ebeb7da99e7622f889a66ae5d7fc79	Python	28	4055	0	0	25	254	0	0	0	0	0	0	0	0	0	0	0	63.38	14.56	0	0	0	0	0	0	0
910bb3da4795dcce418d7f0dd70a10ab5ef7db6c	Python	28	4055	0	0	12	244	0	0	0	0	0	0	0	0	0	0	0	43.44	36.06	0	0	0	0	0	0	0
b75363c1a035e85b73cb691da481f303d0f530e9	Python	15	5514	1	0	14	300	0	0	0	0	0	0	0	0	0	0	0	0	83.33	0	0	0	0	0	0.66	3.66
4997ca16da13cc047d40d11552bcdc99ea0724d7	Python	6	22700	0	0	6	84	0	0	0	0	0	0	0	0	0	0	0	0	89.28	0	0	0	0	0	0	0
7e69c057aa790eb2d3f27c4b40f472b3b463db18	Python	6	22700	0	0	9	142	0	0	0	0	0	0	0	0	0	0	0	0	81.69	0	0	0	0	0	0	7.74
9acb7d6fd09241ca7d5b6d84655276c3a69ff0e1	Python	24	1922	0	0	15	156	0	0	0	0	11.53	0	0	0	0	0	0	0	78.2	0	0	0	0	0	0	0
931758e2e25e9a2628c0dc953744fa4db9ca657a	Python	28	4055	0	0	3	42	0	0	0	0	0	0	0	0	0	0	0	19.04	73.8	0	0	0	0	0	0	0
18a58815a105ae61b68e8e83373fb4c15dde4392	Python	5	43130	0	0	4	17	0	0	0	0	0	0	0	0	0	0	0	0	94.11	0	0	0	0	0	0	0
ef97dd49c21eb9f5f9b69d81e4d353af6a828ade	Python	0	38952	0	0	4	19	0	0	0	0	0	0	0	0	0	0	0	0	94.73	0	0	0	0	0	0	0
c388315bc016e3d2fcd33f08f6e57b0b7838f417	Python	28	4055	0	0	3	24	0	0	0	0	0	0	0	0	0	0	0	45.83	50	0	0	0	0	0	0	0
7791b8893aa56b3fa917849210b128c8c198be04	Python	15	5514	0	0	5	294	0	0	0	0	0	0	0	0	0	0	0	0	97.95	0	0	0	0	0	0	0
6fd7ec969feb980aebd33a8df7bccd873ade74bb	Python	15	5514	0	0	17	1615	0	0	0	0	0	0	0	0	0	0	0	0	98.14	0	0	0	0	0	0	0
cd5bd2cd520c4f834a229d7b3125d4e179fcf806	Python	6	22700	0	0	4	166	0	0	0	0	0	0	0	0	0	0	0	0	98.79	0	0	0	0	0	0	0
680b5dfda08211aa121cdf9eea3a4b6a0219bece	Python	15	5514	0	0	43	699	0	0	0	0	0	0	0	0	0	0	0	0	98.85	0	0	0	0	0	0.14	0
8b6f0917e3b1620d62b5ae1eeb46b46ab70c58e9	Python	15	5514	0	0	27	616	0	0	0	0	0	0	0	0	0	0	0	0	99.18	0	0	0	0	0	0	0
de53836fcf9f82280dcba0926dcef11aaea2d2e3	Python	15	5514	0	0	25	3410	0	0	0	0	0	0	0	0	0	0	0	0	98.97	0	0	0	0	0	0.73	0
b1dd1ad567ecf90e62a2434152beb36e48253cc6	Python	28	4055	0	0	51	127	1.57	0	0	0	0.78	0	0	0	0	0	0	65.35	32.28	0	0	0	0	0	0	0
a533a7b370b4794611ead71c1aadb9ee5564437a	Python	15	5514	0	0	72	23023	0	0	0	0	0	0	0	0	0	0	0	0	99.98	0	0	0	0	0	0	0
bc63677ced9f6b4c5d84fc19ed30afb0f3a20bb8	Python	28	4055	0	0	5	106	0	0	0	0	0	0	0	0	0	0	0	13.2	84.9	0	0	0	0	0	1.88	0
d25c77f00a92846200de131303a8deade5f8e6ea	Python	28	4055	0	0	5	124	0	0	0	0	0	0	0	0	0	0	0	25.8	74.19	0	0	0	0	0	0	0
a3fd3cc6da6546ffc41cd543d74ff910b7992fac	Python	28	4055	0	0	8	129	0	0	0	0	0	0	0	0	0	0	0	27.13	72.86	0	0	0	0	0	0	0
2c98ab21634011048f430ac2766eae59897195f4	Python	6	22700	0	0	5	63	0	0	0	0	1.58	0	0	0	0	0	0	0	98.41	0	0	0	0	0	0	0
646ceb10982d0a4ec3a68a608a21b1dabe798fe1	Python	28	4055	0	0	2	115	0	0	0	0	0	0	0	0	0	0	0	3.47	96.52	0	0	0	0	0	0	0
57eb235d4506c9af069bb2f9ae3da8088e949796	Python	28	4055	0	0	6	196	0	0	0	0	0	0	0	0	0	0	0	4.08	95.91	0	0	0	0	0	0	0
16dd9751a48369b1d9d42baa93a005d67678610b	Python	24	1922	0	0	42	141	0	0	0	0	4.96	0	0	0	0	0	0	0	95.03	0	0	0	0	0	0	0
a2ff3f0a4d847b9798b76046db05f723c2723355	Python	5	43130	0	0	3	18	0	0	0	0	0	0	0	0	0	0	0	0	94.44	0	0	0	0	0	5.55	0
ce4eef3750052cec62ca0fe6536521dec523cd64	Python	5	43130	0	0	4	18	0	0	0	0	0	0	0	0	0	0	0	0	94.44	0	0	0	0	0	5.55	0
efc7f2f9734335945c3c1193f76e5ff5d9d27eb5	Python	28	4055	0	0	9	181	0	0	0	0	0	0	0	0	0	0	0	8.28	91.71	0	0	0	0	0	0	0
d76f87c8eb5a50da917cab8ea87ed0bfdfb7dd3c	Python	28	4055	0	0	6	90	0	0	0	0	0	0	0	0	0	0	0	8.88	91.11	0	0	0	0	0	0	0
e3a02164b807aa236d6d8562fec1c724f43075dd	Python	24	1922	0	0	7	129	0	0	0	0	9.3	0	0	0	0	0	0	0	90.69	0	0	0	0	0	0	0
acbe13c07d204e6ba463f41d2fd39b2a1c776f20	Python	28	4055	0	0	9	186	0	0	0	0	0	0	0	0	0	0	0	10.75	89.24	0	0	0	0	0	0	0
dd3bca58a0f8a4dd52109c2f950d89e902215baf	Python	24	1922	0	0	17	137	0	0	0	0	10.94	0	0	0	0	0	0	0	89.05	0	0	0	0	0	0	0
918a167c30a7e19f0c0061f5e09e7637b1e04591	Python	28	4055	0	0	3	45	0	0	0	0	0	0	0	0	0	0	0	11.11	88.88	0	0	0	0	0	0	0
9254d08b337899858268aa39ec2dd914e47e3d52	Python	0	38952	0	0	3	44	0	0	0	0	13.63	0	0	0	0	0	0	0	86.36	0	0	0	0	0	0	0
8a1c2fd909c6a4025b48559454c83d21d5514892	Python	28	4055	0	0	6	136	0	0	0	0	0	0	0	0	0	0	0	16.17	83.82	0	0	0	0	0	0	0
925e4b44667105426de5326f59dcc6daf123c5fa	Python	28	4055	0	0	4	69	0	0	0	0	0	0	0	0	0	0	0	33.33	66.66	0	0	0	0	0	0	0
58930a6e64ac6832400b28d26ce4ec5c24869abd	Python	28	4055	0	0	8	195	0	0	0	0	0	0	0	0	0	0	0	59.48	40.51	0	0	0	0	0	0	0
ef871b02a6466dd0f5468f43c859990b15b1fb9a	Python	24	1922	0	0	19	171	0	0	0	0	26.9	0	0	0	0	0	0	0	73.09	0	0	0	0	0	0	0
6eb20da093e3b6afc5daac5a1fe6e4850671a4a5	Python	15	5514	0	0	23	2666	0	0	0	0	0	0	0	0	0	0	0	0	99.06	0	0	0	0	0	0.93	0
8707a26fcd8e5ef33016a625d7e1307bc32054ae	Python	6	22700	0	0	3	89	0	0	0	0	0	0	0	0	0	0	0	1.12	98.87	0	0	0	0	0	0	0
a2fdac7bef24f941b705fc9db8c15cecd92ae562	Python	6	22700	0	0	6	151	0	0	0	0	3.31	0	0	0	0	0	0	0	96.68	0	0	0	0	0	0	0
fbe8aed56ab3152ccdd39e2c7aed1a33aa3fb172	Python	28	4055	0	0	2	78	0	0	0	0	0	0	0	0	0	0	0	5.12	94.87	0	0	0	0	0	0	0
74d0246bcd5dcfa9cce25397fbf672ec6e3f8012	Python	24	1922	0	0	3	189	0	0	0	0	8.46	0	0	0	0	0	0	0	91.53	0	0	0	0	0	0	0
63755498d82e9075826683983a907ce9b900b823	Python	0	38952	0	0	4	22	0	0	0	0	0	0	0	0	0	0	0	9.09	90.9	0	0	0	0	0	0	0
9eff6c01e68b656bbb7b3cf5f0c5d30e582ac6af	Python	15	5514	0	0	12	587	0	0	0	0	0	0	0	0	0	0	9.54	0	90.45	0	0	0	0	0	0	0
53f022a28690259f596d3783f033367101c622c7	Python	28	4055	0	0	11	316	0	0	0	0	0	0	0	0	0	0	0	19.62	80.37	0	0	0	0	0	0	0
60e3d0464de4df124e9daeb1f331715001528688	Python	7	7317	0	0	2	28	0	0	0	0	0	0	0	0	0	0	0	71.42	28.57	0	0	0	0	0	0	0
5959e7a45bab98049446cdc0e39c5d36fbba2bdb	Python	7	7317	0	0	2	19	0	0	0	0	0	0	0	0	0	0	0	73.68	26.31	0	0	0	0	0	0	0
70b65520c0f47760394a2d261df6628fe98b0cd9	Python	5	43130	0	0	5	8	0	0	0	0	0	0	0	0	0	0	0	25	75	0	0	0	0	0	0	0
85218cc429097ae31c92a362c6c501fac8ce8082	Python	5	43130	0	0	5	20	0	0	0	0	30	0	0	0	0	0	0	0	70	0	0	0	0	0	0	0
9287fb8b67a7a064af282a3200e16f6f5ee94452	Python	0	38952	0	0	6	38	0	0	0	0	0	0	0	0	0	0	0	0	100	0	0	0	0	0	0	0
a39f23855d38a91ccc7b8cb8d941943fa1ea438b	Python	0	38952	0	0	3	27	0	0	0	0	0	0	0	0	0	0	0	0	100	0	0	0	0	0	0	0
b3462cf9efd33c1a450f0ef09272f055b5b70db5	Python	0	38952	0	0	6	30	0	0	0	0	0	0	0	0	0	0	0	0	100	0	0	0	0	0	0	0
641ab732cc81b50117ae77bd589f4d482dfce65e	Python	0	38952	0	0	16	25	0	0	0	0	0	0	0	0	0	0	0	0	100	0	0	0	0	0	0	0
73101a2552aac9b2527089782edf940bdbe1f688	Python	0	38952	0	0	2	20	0	0	0	0	0	0	0	0	0	0	0	0	100	0	0	0	0	0	0	0
d14fae87cb3f1782d704bc0cb7f8a8d48926e167	Python	0	38952	0	0	1	49	0	0	0	0	0	0	0	0	0	0	0	0	100	0	0	0	0	0	0	0
78bd87b02197cadac3fffbc384749569898128be	Python	0	38952	0	0	1	34	0	0	0	0	0	0	0	0	0	0	0	0	100	0	0	0	0	0	0	0
a224e00ffda6d6818107065f8c95b58afa11c228	Python	0	38952	0	0	4	45	0	0	0	0	0	0	0	0	0	0	0	0	100	0	0	0	0	0	0	0
cec581476c72be32ea2ad2c8210ff399e2c9c9db	Python	0	38952	0	0	1	23	0	0	0	0	0	0	0	0	0	0	0	0	100	0	0	0	0	0	0	0
94dbbe2556adeded573b9ac0f84067218c8917e8	Python	0	38952	0	0	1	30	0	0	0	0	0	0	0	0	0	0	0	0	100	0	0	0	0	0	0	0
7dccda5588f804cfdb99c5bb49b815d92d06cf21	Python	0	38952	0	0	2	31	0	0	0	0	0	0	0	0	0	0	0	0	100	0	0	0	0	0	0	0
0c2ca24dafd38945c4e28264ecd8a4ab5fda9c3e	Python	0	38952	0	0	1	42	0	0	0	0	0	0	0	0	0	0	0	0	100	0	0	0	0	0	0	0
73b0e37fb22f3f96977d131e8e370a75316a976c	Python	0	38952	0	0	1	42	0	0	0	0	0	0	0	0	0	0	0	0	100	0	0	0	0	0	0	0
a7b79216bbe369194b161a1c8b9745a386fa0325	Python	0	38952	0	0	2	25	0	0	0	0	0	0	0	0	0	0	0	0	100	0	0	0	0	0	0	0
a2af0f9468de0815424508a656cc546ff9539cb9	Python	0	38952	0	0	2	26	0	0	0	0	0	0	0	0	0	0	0	0	100	0	0	0	0	0	0	0
0f1868829e9ed9e145a27f662ebfe3b0924f17c9	Python	0	38952	0	0	1	33	0	0	0	0	0	0	0	0	0	0	0	0	100	0	0	0	0	0	0	0
b47bc7ad5c7d390cc290d44465836a334b8ef2b4	Python	5	43130	0	0	1	11	0	0	0	0	0	0	0	0	0	0	0	0	100	0	0	0	0	0	0	0
f28583d96dcd248e0f12becb66ee7d592568c5ee	Python	5	43130	0	0	2	11	0	0	0	0	0	0	0	0	0	0	0	0	100	0	0	0	0	0	0	0
b2e0b6dfb0e6c31f3c801b6459ba41f829554ddc	Python	5	43130	0	0	2	7	0	0	0	0	0	0	0	0	0	0	0	0	100	0	0	0	0	0	0	0
52849b71bed9846d5ff058d51e2c04f7ffbeb0a7	Python	5	43130	0	0	1	8	0	0	0	0	0	0	0	0	0	0	0	0	100	0	0	0	0	0	0	0
a5fbf9b20424fb0eb513410629a0d54d7d896f65	Python	5	43130	0	0	1	7	0	0	0	0	0	0	0	0	0	0	0	0	100	0	0	0	0	0	0	0
b4f09f874a128d1a220a2c4c11e5f1e83b7b5a66	Python	5	43130	0	0	1	7	0	0	0	0	0	0	0	0	0	0	0	0	100	0	0	0	0	0	0	0
05a220dd9289d9c38ac22b9ffd7ca00830033e65	Python	5	43130	0	0	1	15	0	0	0	0	0	0	0	0	0	0	0	0	100	0	0	0	0	0	0	0
9c7431f73e4f8138766ec1cfab0f2b98d554fbd3	Python	5	43130	0	0	2	9	0	0	0	0	0	0	0	0	0	0	0	0	100	0	0	0	0	0	0	0
1486f3756f0399c4a6ae2c42cb748669f1ff4dbe	Python	5	43130	0	0	1	8	0	0	0	0	0	0	0	0	0	0	0	0	100	0	0	0	0	0	0	0
8b8cbb40ceec67241b7b63988301f2f332bc31ac	Python	5	43130	0	0	1	14	0	0	0	0	0	0	0	0	0	0	0	0	100	0	0	0	0	0	0	0
69515ff97af3e25699907b5a5aa1859bf54ccdca	Python	5	43130	0	0	1	9	0	0	0	0	0	0	0	0	0	0	0	0	100	0	0	0	0	0	0	0
3861008fc25cecb950031ae691c5b1e1c0b764ea	Python	6	22700	0	0	2	72	0	0	0	0	0	0	0	0	0	0	0	0	100	0	0	0	0	0	0	0
b27a6dde6470adc4fa60bb7295035139997560d8	Python	6	22700	0	0	3	163	0	0	0	0	0	0	0	0	0	0	0	0	100	0	0	0	0	0	0	0
c077db8ed6163c80d7d83f85e812202446de8f43	Python	6	22700	0	0	1	68	0	0	0	0	0	0	0	0	0	0	0	0	100	0	0	0	0	0	0	0
d3f665dff641740d683ccb79d421e7dcd506fe70	Python	6	22700	0	0	3	62	0	0	0	0	0	0	0	0	0	0	0	0	100	0	0	0	0	0	0	0
8fbf78d407543753da938874dcd0b836eb8f47fb	Python	6	22700	0	0	5	108	0	0	0	0	0	0	0	0	0	0	0	0	100	0	0	0	0	0	0	0
32b0fc23ab55f2a3211d696479729e04676c1b0a	Python	6	22700	0	0	4	58	0	0	0	0	0	0	0	0	0	0	0	0	100	0	0	0	0	0	0	0
90af4ce2b1cdface6f2897f9b047804a85d1671a	Python	6	22700	0	0	2	96	0	0	0	0	0	0	0	0	0	0	0	0	100	0	0	0	0	0	0	0
eb3c65977c2c4fce88909d51506436eeee903075	Python	6	22700	0	0	3	129	0	0	0	0	0	0	0	0	0	0	0	0	100	0	0	0	0	0	0	0
14bf087916dc326b938837fbb0ebea7b84a6a015	Python	6	22700	0	0	5	168	0	0	0	0	0	0	0	0	0	0	0	0	100	0	0	0	0	0	0	0
4bd697b7ee006c21a5ca6bb5c61f53d250aff508	Python	6	22700	0	0	5	60	0	0	0	0	0	0	0	0	0	0	0	0	100	0	0	0	0	0	0	0
e488ae5a5b15ff2adbe7f0fa396ec85d7b4cc392	Python	6	22700	0	0	8	153	0	0	0	0	0	0	0	0	0	0	0	0	100	0	0	0	0	0	0	0
0f620c1062761dcef648a35a2b8509b76125dd4d	Python	6	22700	0	0	2	76	0	0	0	0	0	0	0	0	0	0	0	0	100	0	0	0	0	0	0	0
4c9ab4686e7a8276b6ec9cfb22483c1023135bdb	Python	11	111285	0	0	1	1	0	0	0	0	0	0	0	0	0	0	0	0	100	0	0	0	0	0	0	0
842f6f8bff6392bf6a24eaf9a751f4cd3d375fdd	Python	11	111285	0	0	1	1	0	0	0	0	0	0	0	0	0	0	0	0	100	0	0	0	0	0	0	0
ba8d65a85b2fb0a2bcd6f9dea92e36bedccf65c8	Python	11	111285	0	0	1	1	0	0	0	0	0	0	0	0	0	0	0	0	100	0	0	0	0	0	0	0
74696fed1facc57256a10707a3c8e49a818e3c22	Python	11	111285	0	0	1	1	0	0	0	0	0	0	0	0	0	0	0	0	100	0	0	0	0	0	0	0
a4d5db323910852ad701f9cd9953c3bedb63ae1d	Python	11	111285	0	0	1	1	0	0	0	0	0	0	0	0	0	0	0	0	100	0	0	0	0	0	0	0
f12702f5eebf6262f495934392b3a1870aa37daf	Python	15	5514	0	0	6	883	0	0	0	0	0	0	0	0	0	0	0	0	100	0	0	0	0	0	0	0
a9cc13e825ffc196b6ec2b9276371f0ac6b6a99a	Python	15	5514	0	0	7	310	0	0	0	0	0	0	0	0	0	0	0	0	100	0	0	0	0	0	0	0
8993facf0897a192c3a933dea99d5c759959c16b	Python	15	5514	0	0	14	289	0	0	0	0	0	0	0	0	0	0	0	0	100	0	0	0	0	0	0	0
3f853032c9a454196dccdb257a0339df53d80580	Python	15	5514	0	0	4	354	0	0	0	0	0	0	0	0	0	0	0	0	100	0	0	0	0	0	0	0
d8844359f911b3d558123d510e559b579668e865	Python	15	5514	0	0	26	246	0	0	0	0	0	0	0	0	0	0	0	0	100	0	0	0	0	0	0	0
f33e84c48bb359e24697d901ddd5d08259a7150c	Python	15	5514	0	0	8	2641	0	0	0	0	0	0	0	0	0	0	0	0	100	0	0	0	0	0	0	0
e91f167dfd3a0ffda1cbbd8d96ac4384bbaca566	Python	15	5514	0	0	4	592	0	0	0	0	0	0	0	0	0	0	0	0	100	0	0	0	0	0	0	0
3963868484ce33e40fa7a0f1a3f5c4a79b98e85c	Python	15	5514	0	0	84	1932	0	0	0	0	0	0	0	0	0	0	0	0	100	0	0	0	0	0	0	0
8fad4b853c68ba8387b673594bf5a0fd88dc8050	Python	15	5514	0	0	4	406	0	0	0	0	0	0	0	0	0	0	0	0	100	0	0	0	0	0	0	0
885c0c92e06f809f0610f4b518ec1a07bc56abdd	Python	15	5514	0	0	11	356	0	0	0	0	0	0	0	0	0	0	0	0	100	0	0	0	0	0	0	0
be4e315c59d774026ce9937b94fc49bc91511bef	Python	33	47612	0	0	1	2	0	0	0	0	0	0	0	0	0	0	0	0	100	0	0	0	0	0	0	0
ea09ad52668955dee1cc0e3fb29f8fcdcf5820d2	Python	33	47612	0	0	1	3	0	0	0	0	0	0	0	0	0	0	0	0	100	0	0	0	0	0	0	0
8066921361e7bcbb2d3b89fd06994634cbd5f46c	Python	33	47612	0	0	1	2	0	0	0	0	0	0	0	0	0	0	0	0	100	0	0	0	0	0	0	0
81f528ae968830fc837543b2741786ba699a2d3c	Python	33	47612	0	0	1	5	0	0	0	0	0	0	0	0	0	0	0	0	100	0	0	0	0	0	0	0
ac7ee19af9f6a55296e84d4fcbf0f23e3cf7f837	Python	33	47612	0	0	2	2	0	0	0	0	0	0	0	0	0	0	0	0	100	0	0	0	0	0	0	0
1477cdcb61e7d618d9608f3d8b26f7c7fd8390eb	Python	33	47612	0	0	1	3	0	0	0	0	0	0	0	0	0	0	0	0	100	0	0	0	0	0	0	0
af818b08edc30d04cb56de0429a35ca82458e326	Python	33	47612	0	0	1	2	0	0	0	0	0	0	0	0	0	0	0	0	100	0	0	0	0	0	0	0
b781859ae45277eae2b07448244035d5d69e117e	Python	33	47612	0	0	1	4	0	0	0	0	0	0	0	0	0	0	0	0	100	0	0	0	0	0	0	0
00425345f3d90e899cafeaf06811356c3f3167f7	Python	33	47612	0	0	2	5	0	0	0	0	0	0	0	0	0	0	0	0	100	0	0	0	0	0	0	0
8e57084a941de60ecf9e2bf4b2dad262e03305d1	Python	33	47612	0	0	1	2	0	0	0	0	0	0	0	0	0	0	0	0	100	0	0	0	0	0	0	0
e323334751d9b51ca89793893fefa5a57592521f	Python	33	47612	0	0	1	2	0	0	0	0	0	0	0	0	0	0	0	0	100	0	0	0	0	0	0	0
3469ae10247b38a76c3e38a1665188f240a0831a	Python	33	47612	0	0	9	4	0	0	0	0	0	0	0	0	0	0	0	0	100	0	0	0	0	0	0	0
0e0e545ef7ad7544681b86975bde23ff779e2f82	Python	33	47612	0	0	1	4	0	0	0	0	0	0	0	0	0	0	0	0	100	0	0	0	0	0	0	0
ff435ac324b4f12f43ddad114e2da6fa76ecb9ae	Python	33	47612	0	0	1	6	0	0	0	0	0	0	0	0	0	0	0	0	100	0	0	0	0	0	0	0
0148bf8cdd7577730af8f1418c3a92dfad82595a	Python	33	47612	0	0	1	2	0	0	0	0	0	0	0	0	0	0	0	0	100	0	0	0	0	0	0	0
6218efc04a5e02ca2037db5429d188ae61273319	Python	33	47612	0	0	1	3	0	0	0	0	0	0	0	0	0	0	0	0	100	0	0	0	0	0	0	0
c22a3a53075a279100490e60fb4eac9be41d5130	Python	33	47612	0	0	1	2	0	0	0	0	0	0	0	0	0	0	0	0	100	0	0	0	0	0	0	0
305232db685a232b40dc4ac6d1940b5f0c0dd38f	Python	33	47612	0	0	1	5	0	0	0	0	0	0	0	0	0	0	0	0	100	0	0	0	0	0	0	0
da073711866ef56507833c3a029ea1448c2ef911	Python	33	47612	0	0	1	2	0	0	0	0	0	0	0	0	0	0	0	0	100	0	0	0	0	0	0	0
4b9e12e73b52382937029d29759976c3ef4aee3c	Python	28	4055	0	0	6	90	0	0	0	0	0	0	0	0	0	0	0	10	90	0	0	0	0	0	0	0
04f3d400fc196e4bf37583d9216ab9f83f5ce39d	Python	5	43130	0	0	3	16	0	0	0	0	0	0	0	0	0	0	0	0	87.5	0	0	0	0	0	12.5	0
ab08b1c70dc04a928a8bf2ac8abff732182b9ee3	RPM	29	3480	0	0	2	5	0	0	0	0	0	0	0	0	0	0	0	0	0	80	0	0	0	0	0	0
0d99ea443420fdccaf25c75d9abb8b0381e19ddd	RPM	29	3480	0	0	2	5	0	0	0	0	0	0	0	0	0	0	0	0	0	80	0	0	0	0	0	0
1c5236e944b6a7125adfe5662337abb2ab44edc6	RPM	29	3480	0	0	2	5	0	0	0	0	0	0	0	0	0	0	0	0	0	80	0	0	0	0	0	0
e20a3bf9506f5b5c0bfb9e42375c5349a658da94	RPM	29	3480	0	0	2	5	0	0	0	0	0	0	0	0	0	0	0	0	0	80	0	0	0	0	0	0
66ce3119bdc7d55af177fd839fd8e23331967429	RPM	29	3480	0	0	2	5	0	0	0	0	0	0	0	0	0	0	0	0	0	80	0	0	0	0	0	0
15c118b93ada1a4065ff46bd8e6bd795c44d48b6	RPM	29	3480	0	0	2	5	0	0	0	0	0	0	0	0	0	0	0	0	0	80	0	0	0	0	0	0
b416367d2b14be1e4592d3631b75f93af4b01a7f	RPM	29	3480	0	0	2	5	0	0	0	0	0	0	0	0	0	0	0	0	0	80	0	0	0	0	0	0
04d42ddb0177136895d1ee2c1358b4cee62c9010	RPM	29	3480	0	0	2	6	0	0	0	0	0	0	0	0	0	0	0	0	0	83.33	0	0	0	0	0	0
46ea5bc7febd5822f1ac89d69cf914196bf59ee1	RPM	29	3480	2	0	2	10	0	0	0	0	0	0	0	0	0	0	0	0	0	90	0	0	0	0	0	0
8e2876f8065adb4af0ce3142c88ae8d1af1e5829	RPM	29	3480	0	0	2	13	0	0	0	0	0	0	0	0	0	0	0	0	0	92.3	0	0	0	0	0	0
e9e85dd028c63f92989a12646e93d43dcbcde435	RPM	29	3480	1	0	2	7	0	0	0	0	0	0	0	0	0	0	0	0	0	100	0	0	0	0	0	0
267a85df1b386ee1af0f06d66246fb9fd1e3324b	RPM	29	3480	0	0	1	11	0	0	0	0	0	0	0	0	0	0	0	0	0	100	0	0	0	0	0	0
9426be5621e81d887e53d119a3e7a24ea76104ba	RPM	29	3480	0	0	1	854	0	0	0	0	0	0	0	0	0	0	0	0	0	100	0	0	0	0	0	0
d8a5c1051d9728cd0fee304fc844f6afed38c8e9	RPM	29	3480	2	0	1	5	0	0	0	0	0	0	0	0	0	0	0	0	0	100	0	0	0	0	0	0
160a0bfe078d676cae6739d090e11be41b729443	RPM	29	3480	0	0	1	11	0	0	0	0	0	0	0	0	0	0	0	0	0	100	0	0	0	0	0	0
289bfbb3fdb714fb847a291d86d2a48367f2afed	RPM	29	3480	0	0	1	3	0	0	0	0	0	0	0	0	0	0	0	0	0	100	0	0	0	0	0	0
8c27d0e9d57579afaff59305985deeb59c374bfe	Solidity	20	2502	0	0	6	86	0	0	0	0	0	1.16	0	0	0	0	0	0	0	0	0	0	98.83	0	0	0
62391ddbeb55d604a982e1a4ff382e2729f2d96b	Solidity	20	2502	0	0	7	503	0	0	0	0	0	31.41	0	0	0	0	0	0	0	0	0	0	68.58	0	0	0
b598948211a417ec8a3aed9d87f55c0cc557b627	Solidity	20	2502	0	0	13	41	0	19.51	0	0	0	0	0	0	0	0	0	0	0	0	0	0	80.48	0	0	0
eebd83139740ab865dba309ce9ec6188b5fdac43	Solidity	20	2502	0	0	4	166	0	0	0	0	0	0	0	0	0	0	0	0	21.68	0	0	0	78.31	0	0	0
acb67411702d75d6c4d661268682e559270445db	Solidity	20	2502	0	0	2	118	0	0	0	0	0	0	0	0	0	0	0	0	0	0	0	0	100	0	0	0
721df6e08563bc4630bd2658c1d92ade466b01c6	Solidity	20	2502	0	0	1	132	0	0	0	0	0	0	0	0	0	0	0	0	0	0	0	0	100	0	0	0
3fce37e2461708fff1bd2a53501e458bd7040f9e	Solidity	20	2502	0	0	1	36	0	0	0	0	0	0	0	0	0	0	0	0	0	0	0	0	100	0	0	0
611d2b4de5577da1125109b0a218129d060da662	Solidity	20	2502	0	0	5	136	0	0	0	0	0	0	0	0	0	0	0	0	0	0	0	0	100	0	0	0
1bd904c9e58bc4cb7f2c4fbd52033c895c420c14	Solidity	20	2502	0	0	1	31	0	0	0	0	0	0	0	0	0	0	0	0	0	0	0	0	100	0	0	0
714f57ce63a02194ff87e29373c27db2becbf945	Solidity	20	2502	0	0	2	21	0	0	0	0	0	0	0	0	0	0	0	0	0	0	0	0	100	0	0	0
4a6b4c6071762174f286debef61d79a818f28926	Solidity	20	2502	0	0	7	26	0	0	0	0	0	0	0	0	0	0	0	0	0	0	0	0	100	0	0	0
c41f996c7bd9c4563250b4574bb838bdde9903c0	Solidity	20	2502	0	0	7	106	0	0	0	0	0	0	0	0	0	0	0	0	0	0	0	0	100	0	0	0
3d29ae73e7c4de7a1e58a4651112935d3d20f2cb	Solidity	20	2502	0	0	76	101	0	0	0	0	0	0	0	0	0	0	0	0	0	0	0	0	100	0	0	0
77a5e250fbed8ca872e614178c1c5d1379ee1e19	Solidity	20	2502	0	0	3	283	0	0	0	0	0	0	0	0	0	0	0	0	0	0	0	0	100	0	0	0
c454c0cc5e7d969d0bfe322365c5dfb7279a39e1	Solidity	20	2502	0	0	3	28	0	0	0	0	0	0	0	0	0	0	0	0	25	0	0	0	75	0	0	0
3e5da9f8ca3e5839558dde147701497337746493	Swift	34	1318	0	0	5	78	0	0	0	0	0	0	0	0	0	0	0	0	0	0	0	0	0	83.33	0	0
cf0da3f3b055603ab2835db9878095302e055f90	Swift	34	1318	2	2.89	67	1021	0	0	0	0	0	0	4.11	0	0	0	0	0	0	0	0	0	0	91.18	0	0
9bdf5976d2312b4d47729e721dc6626fdcae6c93	Swift	34	1318	0	0	19	964	0	0	0	0	0	0	0	0	0	0	0	0	0	0	0	0	0	98.02	0	0
6968d2dba58d121f9e4f28129c44034df8ad0954	Swift	34	1318	0	0	6	2222	0	0	0	0	0	0	0	0	0	0	0	0	0	0	0	0	0	98.91	0	0
c30f02bdc7c3daf99696d4454c432f1889cc7dcc	Swift	34	1318	0	0	1	14	0	0	0	0	0	0	0	0	0	0	0	0	0	0	0	0	0	100	0	0
5c9a7a504157b4fcba9b9e612e675dacdabbfc3b	Swift	34	1318	0	0	2	112	0	0	0	0	0	0	0	0	0	0	0	0	0	0	0	0	0	100	0	0
99d8f01146a2ef1d5aa29e8336283091f154af97	Swift	34	1318	0	0	4	22	0	0	0	0	0	0	0	0	0	0	0	0	0	0	0	0	0	100	0	0
072bab2d0d345c0fb4dc76c87d8733819688b840	Swift	34	1318	0	0	1	311	0	0	0	0	0	0	0	0	0	0	0	0	0	0	0	0	0	100	0	0
df22eb43a55d2879eb410a0ad9a802577826dc74	Swift	34	1318	0	0	1	31	0	0	0	0	0	0	0	0	0	0	0	0	0	0	0	0	0	100	0	0
520b68387ed0ac275fc76e224748d97e36ed71c6	Swift	34	1318	0	0	3	138	0	0	0	0	0	0	0	0	0	0	0	0	0	0	0	0	0	100	0	0
e81d0c29c5e006bf518ce4cf0509a23eacb11c4f	Swift	34	1318	0	0	3	49	0	0	0	0	0	0	0	0	0	0	0	0	0	0	0	0	0	100	0	0
25ee0a15427e3fa1f0ffa4bd27c61f9ad3c962b2	Swift	34	1318	0	0	435	435	0	0	0	0	0	0	0	0	0	0	0	0	0	0	0	0	0	100	0	0
bdaa43a30a907975d910ee82d6d4b396b4ac1c12	Swift	34	1318	0	0	1	93	0	0	0	0	0	0	0	0	0	0	0	0	0	0	0	0	0	100	0	0
3869998b46ec1b4a39b4ca1e1a0742ae759a5016	Swift	34	1318	0	0	58	58	0	0	0	0	0	0	0	0	0	0	0	0	0	0	0	0	0	100	0	0
25a967f60b09adeb30fc72c9628d04ec618858ee	Swift	34	1318	0	0	3	23	0	0	0	0	0	0	0	0	0	0	0	0	0	0	0	0	0	100	0	0
9414ece73dadbd1355ead49b7df816774ade1a28	Swift	34	1318	0	0	2	40	0	0	0	0	0	0	0	0	0	0	0	0	0	0	0	0	0	100	0	0
bae05f3ad17db547f830ef28a1a2b67620dff77e	Swift	34	1318	0	0	1	86	0	0	0	0	0	0	0	0	0	0	0	0	0	0	0	0	0	100	0	0
42886448bd32263a31189505a06078a420175d8b	Text	35	7949	0	0	2	6	0	0	0	0	0	0	0	0	0	0	0	0	0	0	0	0	0	0	83.33	0
3fb00d24782ed81cdc8ac0757982e23563873d80	Text	35	7949	0	0	20	433	0	0	0	0	0	0	0	0	0	0	0	0	1.61	0	0	0	0	0	98.38	0
d318d7ca3d5d1e6291bef7596f01d7c88e4847b0	Text	35	7949	0	0	2	11	0	0	0	0	0	0	0	0	0	0	0	0	9.09	0	0	0	0	0	90.9	0
2e461c688aa262c183ec6daad6ed5e8eccf82147	Text	11	111285	0	0	1	1	0	0	0	0	0	0	0	0	0	0	0	0	0	0	0	0	0	0	100	0
582bc4fcfe51911924a96e2e0a6c120d90da06ad	Text	35	7949	0	0	1	21	0	0	0	0	0	0	0	0	0	0	0	0	0	0	0	0	0	0	100	0
575eeac4c9480005765659265f479b5d375514ba	Text	35	7949	0	0	2	4	0	0	0	0	0	0	0	0	0	0	0	0	0	0	0	0	0	0	100	0
9dd74d13d38fd86147d4aec621756988667d3800	Text	35	7949	0	0	1	4	0	0	0	0	0	0	0	0	0	0	0	0	0	0	0	0	0	0	100	0
b2c6c4c47372f47e41111133961606aaddde917f	Text	35	7949	0	0	1	3	0	0	0	0	0	0	0	0	0	0	0	0	0	0	0	0	0	0	100	0
0e96c4b5d5dd7f632dbca7cadb2438e2c6df0579	Text	35	7949	0	0	1	3	0	0	0	0	0	0	0	0	0	0	0	0	0	0	0	0	0	0	100	0
9428313b3d6af660d97692484a24f4acc46f63cb	Text	35	7949	0	0	1	3	0	0	0	0	0	0	0	0	0	0	0	0	0	0	0	0	0	0	100	0
0202fc839e8073fd674368e9574c99468d800f3b	Text	35	7949	0	0	2	3	0	0	0	0	0	0	0	0	0	0	0	0	0	0	0	0	0	0	100	0
6197e3d60e3d9f4d4d85ad48cb91a83392f521ff	Text	35	7949	0	0	1	3	0	0	0	0	0	0	0	0	0	0	0	0	0	0	0	0	0	0	100	0
fcb3653cd5adec8507aa0de4169861d82aee764d	Text	35	7949	0	0	1	3	0	0	0	0	0	0	0	0	0	0	0	0	0	0	0	0	0	0	100	0
b99bc6d40b19b17564be7c4f386ea53736610259	Text	35	7949	0	0	1	3	0	0	0	0	0	0	0	0	0	0	0	0	0	0	0	0	0	0	100	0
8ed065a218d839a6f46f8319365a3ccd6f0cf7e4	Text	35	7949	0	0	2	4	0	0	0	0	0	0	0	0	0	0	0	0	0	0	0	0	0	0	100	0
548a460b8184b412230830ccea139169b32bf0d8	Text	35	7949	0	0	1	3	0	0	0	0	0	0	0	0	0	0	0	0	0	0	0	0	0	0	100	0
61bf7b30467232c6df013eb52b976e71059ff2e6	Text	35	7949	0	0	1	3	0	0	0	0	0	0	0	0	0	0	0	0	0	0	0	0	0	0	100	0
1e1c9798a789ece34d65d63913c905d516fb846c	Yarn	22	4495	0	0	3	17	0	0	0	0	0	11.76	5.88	0	0	0	0	0	0	0	0	0	0	0	0	82.35
414e5ea00a72522a2d4649ba2ff0f811511c404c	Yarn	22	4495	0	0	2	586	0	0	0	0	0	0	0.34	0	0	0	0	0	0	0	0	0	0	0	0	99.65
02465ded9fb3b223a89c381900459ab4f3fc35e5	Yarn	2	29623	0	0	1	6	0	0	0	0	0	0	0	0	0	0	0	0	0	0	0	0	0	0	0	100
5db472f552c9507d7d124246ccee27f3d0a152d9	Yarn	2	29623	0	0	1	5	0	0	0	0	0	0	0	0	0	0	0	0	0	0	0	0	0	0	0	100
ee00c7fae6f6a7fa71e9f11b5daa7733a7734964	Yarn	22	4495	0	0	1	21	0	0	0	0	0	0	0	0	0	0	0	0	0	0	0	0	0	0	0	100
466e44043254242b663cae0bd350518fad88d93b	Yarn	22	4495	0	0	1	22	0	0	0	0	0	0	0	0	0	0	0	0	0	0	0	0	0	0	0	100
129ce9386859a3717fcc56da6bd1e795a2b2d563	Yarn	22	4495	0	0	1	12	0	0	0	0	0	0	0	0	0	0	0	0	0	0	0	0	0	0	0	100
265dd671ea6bc703a9c0adfc5388e54d1f51bd59	Yarn	22	4495	0	0	4	10	0	0	0	0	0	0	0	0	0	0	0	0	0	0	0	0	0	0	0	100
b0170f112441b8b7852ef24b5da69936844d7c43	Yarn	22	4495	5	0	1	43	0	0	0	0	0	0	0	0	0	0	0	0	0	0	0	0	0	0	0	100
90d8f9f331743046bd2b068f720d14710e5f3c5b	Yarn	22	4495	0	0	2	79	0	0	0	0	0	0	0	0	0	0	0	0	0	0	0	0	0	0	0	100
9a218c29c923a35864f50a6279ab0408886bc95c	Yarn	22	4495	0	0	1	8	0	0	0	0	0	0	0	0	0	0	0	0	0	0	0	0	0	0	0	100
155dac21b0902de20ce28e60cc8859977b5035b4	Yarn	22	4495	0	0	1	36	0	0	0	0	0	0	0	0	0	0	0	0	0	0	0	0	0	0	0	100
dd16171c2ac3ba8b0a1f3090c37857bcd48bedee	Yarn	22	4495	0	0	1	13	0	0	0	0	0	0	0	0	0	0	0	0	0	0	0	0	0	0	0	100
86aef5f3e0f1c5036e5261092ad72c71e904824b	Yarn	22	4495	0	0	1	17	0	0	0	0	0	0	0	0	0	0	0	0	0	0	0	0	0	0	0	100
d6356d2d2d64406430982a49032b4bf03ca9fc27	Yarn	22	4495	0	0	1	71	0	0	0	0	0	0	0	0	0	0	0	0	0	0	0	0	0	0	0	100
c9efd453737df7537eff3f7167aa47968a97fe16	Yarn	22	4495	0	0	1	32	0	0	0	0	0	0	0	0	0	0	0	0	0	0	0	0	0	0	0	100
0c5edd45f16b25019549b8153c1a19f636bda6fe	Yarn	22	4495	0	0	1	7	0	0	0	0	0	0	0	0	0	0	0	0	0	0	0	0	0	0	0	100
128de6750c6beda143efabc6dfe3c028b032edd5	Yarn	22	4495	0	0	1	8	0	0	0	0	0	0	0	0	0	0	0	0	0	0	0	0	0	0	0	100
